,sensor_1,sensor_2,sensor_3,sensor_4,sensor_5,sensor_6,sensor_7,sensor_8,sensor_9,sensor_10,sensor_11,sensor_12,sensor_13,sensor_14,sensor_15,sensor_16,sensor_17,sensor_18,sensor_19,sensor_20,sensor_21
sensor_1,1.0,0.8307182059378236,0.69997085669695,0.46497882276897023,1.0,0.8360467431757959,0.8359640998790471,0.8353547387759576,0.6508767053922581,0.3834701536096371,0.19587022616851543,0.8359897730964561,-0.05749764314783931,-0.14942368251735832,-0.565291137046531,-2.859455088267742e-19,0.7062201343244364,0.9999999999999999,5.5831135738301527e-14,0.8351760663672939,0.8351970260098934
sensor_2,0.8307182059378236,1.0,0.7434152696546362,0.5911130081826429,0.830718205937825,0.7924822634264717,0.5733259509938822,0.8017384212899769,0.6314206004859085,0.2614891871285981,0.37830842630523387,0.5641088385549716,0.07119701462370974,-0.05816815076003161,-0.26673103324202957,0.2182773025010269,0.7555791809171016,0.8307182059378246,-4.74139693713447e-14,0.5785945905678753,0.5803107556896542
sensor_3,0.69997085669695,0.7434152696546362,1.0,0.7009592633729405,0.6999708566969521,0.6867907771285864,0.4567521924815998,0.6880872996921579,0.618953590112406,0.26861741686941926,0.5552565943952875,0.4464985569285039,0.11215684796705343,0.03996706462584428,-0.08809290053939037,0.2105014048059355,0.756442023584589,0.6999708566969519,-6.093435956318567e-15,0.45856984353713265,0.460079158551635
sensor_4,0.46497882276897023,0.5911130081826429,0.7009592633729405,1.0,0.46497882276897057,0.5067342816838072,0.2316827616436205,0.4956604683531988,0.5167606320696203,0.24836698725482526,0.7763663155157868,0.22163491467736054,0.10511260361995327,0.12990911038902944,0.150193151065176,0.24642595518100335,0.7171949469996989,0.4649788227689696,-1.0675661786343526e-14,0.23410680176852267,0.23860465312872095
sensor_5,1.0,0.830718205937825,0.6999708566969521,0.46497882276897057,1.0,0.8360467431757987,0.8359640998790466,0.8353547387759589,0.6508767053922576,0.3834701536096381,0.19587022616851574,0.8359897730964579,-0.05749764314783979,-0.14942368251735832,-0.5652911370465296,-1.2235218289518502e-19,0.706220134324436,0.9999999999999994,-3.374556556543068e-16,0.8351760663672957,0.8351970260098964
sensor_6,0.8360467431757959,0.7924822634264717,0.6867907771285864,0.5067342816838072,0.8360467431757987,1.0,0.6081288098922673,0.7893124469738702,0.6101287671237734,0.27982404079109485,0.2886987288428676,0.6016101208644477,0.0433266529280941,-0.07503036588171462,-0.3503383663341867,0.13965522970176986,0.6978116242523582,0.8360467431757991,1.57942327048383e-14,0.6150467161328426,0.615284286546902
sensor_7,0.8359640998790471,0.5733259509938822,0.4567521924815998,0.2316827616436205,0.8359640998790466,0.6081288098922673,1.0,0.6176559900940365,0.49665213182644297,0.38225508433564953,-0.003326414651482917,0.8229897861973778,-0.12968037812034744,-0.14848138116032908,-0.6328824333155098,-0.21509795379607088,0.45262900075874074,0.8359640998790474,4.7194925078173844e-15,0.8081206988518325,0.8096695481607797
sensor_8,0.8353547387759576,0.8017384212899769,0.6880872996921579,0.4956604683531988,0.8353547387759589,0.7893124469738702,0.6176559900940365,1.0,0.8291763748972124,0.2637430610731822,0.2658946410880196,0.6163310039625127,0.2637667583411667,0.1571686461311438,-0.3495133497239529,0.19628449138049786,0.7004672000801888,0.8353547387759597,5.083220115140894e-13,0.6205179477675206,0.618632169906882
sensor_9,0.6508767053922581,0.6314206004859085,0.618953590112406,0.5167606320696203,0.6508767053922576,0.6101287671237734,0.49665213182644297,0.8291763748972124,1.0,0.3720766353072566,0.35373911552883097,0.4964425739827679,0.4998119153249653,0.5258507260099056,-0.26813476556634197,0.0956666435806724,0.6306093428776226,0.6508767053922584,1.8371711744423184e-14,0.4913110914262424,0.48987555905184876
sensor_10,0.3834701536096371,0.2614891871285981,0.26861741686941926,0.24836698725482526,0.3834701536096381,0.27982404079109485,0.38225508433564953,0.2637430610731822,0.3720766353072566,1.0,0.21898696308535964,0.3826945143316241,-0.030260595697514252,0.1404466219055881,-0.3835114285033327,-0.15276055573686098,0.2690187508273372,0.38347015360963804,-2.909259902241839e-14,0.37729830071535964,0.37747903708796593
sensor_11,0.19587022616851543,0.37830842630523387,0.5552565943952875,0.7763663155157868,0.19587022616851574,0.2886987288428676,-0.003326414651482917,0.2658946410880196,0.35373911552883097,0.21898696308535964,1.0,-0.014168502524237717,0.06425691424913187,0.20109805076826232,0.2931724307029399,0.2620107561901171,0.5675181454560797,0.1958702261685156,8.378435504559244e-15,2.3626182251512805e-05,0.0011611281650461096
sensor_12,0.8359897730964561,0.5641088385549716,0.4464985569285039,0.22163491467736054,0.8359897730964579,0.6016101208644477,0.8229897861973778,0.6163310039625127,0.4964425739827679,0.3826945143316241,-0.014168502524237717,1.0,-0.13171740431788925,-0.14782721926576003,-0.6451495293188874,-0.22431412407066076,0.4443852120261586,0.8359897730964575,5.643767168643427e-15,0.8147527514347561,0.8137894299581027
sensor_13,-0.05749764314783931,0.07119701462370974,0.11215684796705343,0.10511260361995327,-0.05749764314783979,0.0433266529280941,-0.12968037812034744,0.2637667583411667,0.4998119153249653,-0.030260595697514252,0.06425691424913187,-0.13171740431788925,1.0,0.5528255736574288,0.23814226637375943,0.19580481912033998,0.12105093184462465,-0.057497643147839596,-2.2282297577735101e-13,-0.1327917574122116,-0.13275592313386417
sensor_14,-0.14942368251735832,-0.05816815076003161,0.03996706462584428,0.12990911038902944,-0.14942368251735832,-0.07503036588171462,-0.14848138116032908,0.1571686461311438,0.5258507260099056,0.1404466219055881,0.20109805076826232,-0.14782721926576003,0.5528255736574288,1.0,0.10698174600799831,0.05396257416442844,0.043978038418733933,-0.1494236825173584,1.1820838367753098e-14,-0.1562406195331163,-0.15620492832977417
sensor_15,-0.565291137046531,-0.26673103324202957,-0.08809290053939037,0.150193151065176,-0.5652911370465296,-0.3503383663341867,-0.6328824333155098,-0.3495133497239529,-0.26813476556634197,-0.3835114285033327,0.2931724307029399,-0.6451495293188874,0.23814226637375943,0.10698174600799831,1.0,0.24897039411367836,-0.07806733973173721,-0.56529113704653,-7.306826296687598e-15,-0.6270136331709846,-0.6280761096513224
sensor_16,-2.859455088267742e-19,0.2182773025010269,0.2105014048059355,0.24642595518100335,-1.2235218289518502e-19,0.13965522970176986,-0.21509795379607088,0.19628449138049786,0.0956666435806724,-0.15276055573686098,0.2620107561901171,-0.22431412407066076,0.19580481912033998,0.05396257416442844,0.24897039411367836,1.0,0.2207919689815938,-3.0383740148584555e-19,2.8902310387313834e-18,-0.1919609345701307,-0.19452045412106228
sensor_17,0.7062201343244364,0.7555791809171016,0.756442023584589,0.7171949469996989,0.706220134324436,0.6978116242523582,0.45262900075874074,0.7004672000801888,0.6306093428776226,0.2690187508273372,0.5675181454560797,0.4443852120261586,0.12105093184462465,0.043978038418733933,-0.07806733973173721,0.2207919689815938,1.0,0.7062201343244362,1.605554647472138e-15,0.4607481094816922,0.460578287919289
sensor_18,0.9999999999999999,0.8307182059378246,0.6999708566969519,0.4649788227689696,0.9999999999999994,0.8360467431757991,0.8359640998790474,0.8353547387759597,0.6508767053922584,0.38347015360963804,0.1958702261685156,0.8359897730964575,-0.057497643147839596,-0.1494236825173584,-0.56529113704653,-3.0383740148584555e-19,0.7062201343244362,1.0,2.9036466453655743e-15,0.8351760663672951,0.8351970260098954
sensor_19,5.5831135738301527e-14,-4.74139693713447e-14,-6.093435956318567e-15,-1.0675661786343526e-14,-3.374556556543068e-16,1.57942327048383e-14,4.7194925078173844e-15,5.083220115140894e-13,1.8371711744423184e-14,-2.909259902241839e-14,8.378435504559244e-15,5.643767168643427e-15,-2.2282297577735101e-13,1.1820838367753098e-14,-7.306826296687598e-15,2.8902310387313834e-18,1.605554647472138e-15,2.9036466453655743e-15,1.0,4.08554052327557e-15,6.545149875993391e-15
sensor_20,0.8351760663672939,0.5785945905678753,0.45856984353713265,0.23410680176852267,0.8351760663672957,0.6150467161328426,0.8081206988518325,0.6205179477675206,0.4913110914262424,0.37729830071535964,2.3626182251512805e-05,0.8147527514347561,-0.1327917574122116,-0.1562406195331163,-0.6270136331709846,-0.1919609345701307,0.4607481094816922,0.8351760663672951,4.08554052327557e-15,1.0,0.7952652998125115
sensor_21,0.8351970260098934,0.5803107556896542,0.460079158551635,0.23860465312872095,0.8351970260098964,0.615284286546902,0.8096695481607797,0.618632169906882,0.48987555905184876,0.37747903708796593,0.0011611281650461096,0.8137894299581027,-0.13275592313386417,-0.15620492832977417,-0.6280761096513224,-0.19452045412106228,0.460578287919289,0.8351970260098954,6.545149875993391e-15,0.7952652998125115,1.0
