paper_id,title,authors,publication_year,venue,doi_or_stable_identifier,authoritative_url,full_text_url,dataset,exact_subset,research_task,learning_setting,operating_condition_treatment,model,split_strategy,evaluation_unit,label_or_onset_definition,metrics,exact_reported_metric_values,metric_direction,evidence_location,result_scope,code_or_data_available,limitations,relevance_to_methodology,comparison_category,evidence_access_level,verification_status,direct_comparison_permitted,source_v3_id,source_v3_path,source_v3_sha256,access_date,notes
LIT-001,Damage Propagation Modeling for Aircraft Engine Run-to-Failure Simulation,Abhinav Saxena; Kai Goebel; Don Simon; Neil Eklund,2008,IEEE PHM conference,IEEE:4711414,https://ieeexplore.ieee.org/document/4711414,https://ieeexplore.ieee.org/document/4711414,C-MAPSS simulator,C-MAPSS simulator (not a benchmark subset result),dataset/provenance,not_applicable_or_NR,NR,Defines the run-to-failure simulation basis behind the benchmark,NR,NR,NR,NR,NR,NR,NR,NR,NR,Does not provide cycle-level anomaly-onset labels,Dataset provenance and simulation assumptions,C,full_text_verified,verified_for_context_only_metrics_not_reextracted,False,1,docs/research/Turbofan_Literature_Evidence_Matrix_100_Sources_v3.xlsx,ae173e281fbcbccae7da91920980f4d208a908d2f1a6a6dcfb54af5ebdf05ac3,2026-09-01,No direct metric comparison approved; see the Direct Metrics sheet.
LIT-002,C-MAPSS Jet Engine Simulated Data,NR,2026,NASA official dataset page,https://data.nasa.gov/dataset/cmapss-jet-engine-simulated-data,https://data.nasa.gov/dataset/cmapss-jet-engine-simulated-data,NR,FD001-FD004,FD001; FD002; FD003; FD004,dataset/provenance,not_applicable_or_NR,NR,"FD002 has 260 train engines, 259 test engines, six operating conditions and one fault mode",NR,NR,NR,NR,NR,NR,NR,NR,NR,Official test trajectories are truncated and cycle-level anomaly labels are absent,Authoritative dataset facts,C,metadata_only,screening_only_no_numeric_use,False,2,docs/research/Turbofan_Literature_Evidence_Matrix_100_Sources_v3.xlsx,ae173e281fbcbccae7da91920980f4d208a908d2f1a6a6dcfb54af5ebdf05ac3,2026-09-01,No direct metric comparison approved; see the Direct Metrics sheet.
LIT-003,Performance Benchmarking and Analysis of Prognostic Methods for CMAPSS Datasets,NR,2014,International Journal of Prognostics and Health Management,https://papers.phmsociety.org/index.php/ijphm/article/view/2236,https://papers.phmsociety.org/index.php/ijphm/article/view/2236,https://papers.phmsociety.org/index.php/ijphm/article/view/2236,C-MAPSS,C-MAPSS,benchmark/review,not_applicable_or_NR,NR,Shows that preprocessing and evaluation choices impair comparability,NR,NR,NR,NR,NR,NR,NR,NR,NR,Primarily prognostics rather than anomaly detection,Protocol design and claim restraint,C,full_text_verified,verified_for_context_only_metrics_not_reextracted,False,3,docs/research/Turbofan_Literature_Evidence_Matrix_100_Sources_v3.xlsx,ae173e281fbcbccae7da91920980f4d208a908d2f1a6a6dcfb54af5ebdf05ac3,2026-09-01,No direct metric comparison approved; see the Direct Metrics sheet.
LIT-004,Review and Analysis of Algorithmic Approaches Developed for Prognostics on CMAPSS Data,NR,2014,PHM Society / NASA report,NTRS:20150007677,https://ntrs.nasa.gov/api/citations/20150007677/downloads/20150007677.pdf,https://ntrs.nasa.gov/api/citations/20150007677/downloads/20150007677.pdf,C-MAPSS,C-MAPSS,benchmark/review,not_applicable_or_NR,NR,Discusses operating-condition normalization and clustering/segmentation,NR,NR,NR,NR,NR,NR,NR,NR,NR,Review rather than new anomaly detector,Historical evidence that condition clustering is not novel,C,full_text_verified,verified_for_context_only_metrics_not_reextracted,False,4,docs/research/Turbofan_Literature_Evidence_Matrix_100_Sources_v3.xlsx,ae173e281fbcbccae7da91920980f4d208a908d2f1a6a6dcfb54af5ebdf05ac3,2026-09-01,No direct metric comparison approved; see the Direct Metrics sheet.
LIT-005,LSTM-based Encoder-Decoder for Multi-sensor Anomaly Detection,NR,2016,ICML workshop / arXiv,arXiv:1607.00148,https://arxiv.org/abs/1607.00148,https://arxiv.org/abs/1607.00148,Multivariate industrial sequences,Multivariate industrial sequences,multivariate sequence anomaly detection,unsupervised or method-dependent; exact training supervision NR,NR,Healthy-sequence reconstruction error is used as anomaly score,NR,NR,NR,NR,NR,NR,NR,NR,NR,Not a C-MAPSS benchmark study,Justifies LSTM-AE baseline,D,full_text_verified,verified_for_context_only_metrics_not_reextracted,False,5,docs/research/Turbofan_Literature_Evidence_Matrix_100_Sources_v3.xlsx,ae173e281fbcbccae7da91920980f4d208a908d2f1a6a6dcfb54af5ebdf05ac3,2026-09-01,No direct metric comparison approved; see the Direct Metrics sheet.
LIT-006,Multi-Sensor Prognostics using an Unsupervised Health Index based on LSTM Encoder-Decoder,NR,2016,arXiv / PHM,arXiv:1608.06154,https://arxiv.org/abs/1608.06154,https://arxiv.org/abs/1608.06154,C-MAPSS,C-MAPSS,health-index construction/prognostics,not_applicable_or_NR,NR,Maps reconstruction error to a health index and RUL,NR,NR,NR,NR,NR,NR,NR,NR,NR,Health index/RUL task rather than alert evaluation,Links reconstruction error to engine degradation,C,full_text_verified,verified_for_context_only_metrics_not_reextracted,False,6,docs/research/Turbofan_Literature_Evidence_Matrix_100_Sources_v3.xlsx,ae173e281fbcbccae7da91920980f4d208a908d2f1a6a6dcfb54af5ebdf05ac3,2026-09-01,No direct metric comparison approved; see the Direct Metrics sheet.
LIT-007,Autoencoder-based Semi-Supervised Anomaly Detection in Turbofan Engines,Ali Al Bataineh; Aakif Mairaj; Devinder Kaur,2020,IJACSA,https://thesai.org/Publications/ViewPaper?Code=IJACSA&Issue=11&SerialNo=5&Volume=11,https://thesai.org/Publications/ViewPaper?Code=IJACSA&Issue=11&SerialNo=5&Volume=11,https://thesai.org/Downloads/Volume11No11/Paper_5-Autoencoder_based_Semi_Supervised_Anomaly_Detection.pdf,C-MAPSS,"FD004 (identified by 249 engines, six conditions, two fault modes)",anomaly/degradation detection,semi-supervised healthy-only autoencoder,six operating settings present; no registered P1/K=6 endpoint-mode policy,feed-forward autoencoder; Bayesian hyperparameter tuning,220 train engines; 20 validation engines; 19 test engines,cycle/sample,first 60% normal; last 5% anomalous; remaining label treatment incompletely stated,F1; precision; recall,F1=0.892; precision=0.896; recall=0.724 (without feature removal),higher_is_better,"IJACSA 11(11), pp. 44-47: Sec. III-IV; Table VI on p. 47",test; 19 engines; first 60% normal and last 5% anomalous; middle interval not fully specified,NR,Protocol differs from sequence-level FD002 study,Direct C-MAPSS autoencoder precedent,C,full_text_verified,verified_for_numeric_extraction,False,7,docs/research/Turbofan_Literature_Evidence_Matrix_100_Sources_v3.xlsx,ae173e281fbcbccae7da91920980f4d208a908d2f1a6a6dcfb54af5ebdf05ac3,2026-09-01,No direct metric comparison approved; see the Direct Metrics sheet.
LIT-008,A One-Class Support Vector Machine Calibration Method for Time Series Change Point Detection,NR,2019,arXiv / IEEE,arXiv:1902.06361,https://arxiv.org/abs/1902.06361,https://arxiv.org/abs/1902.06361,C-MAPSS,C-MAPSS,change-point/onset estimation,one-class,NR,Uses calibrated one-class SVM for health-status change-point detection,NR,NR,NR,NR,NR,NR,NR,NR,NR,Estimated change point is not physical ground truth,Alternative to fixed life-fraction onset,C,full_text_verified,verified_for_context_only_metrics_not_reextracted,False,8,docs/research/Turbofan_Literature_Evidence_Matrix_100_Sources_v3.xlsx,ae173e281fbcbccae7da91920980f4d208a908d2f1a6a6dcfb54af5ebdf05ac3,2026-09-01,No direct metric comparison approved; see the Direct Metrics sheet.
LIT-009,A Change Point Detection Integrated Remaining Useful Life Estimation Model under Variable Operating Conditions,NR,2024,Mechanical Systems and Signal Processing / arXiv,arXiv:2401.04351,https://arxiv.org/abs/2401.04351,https://arxiv.org/abs/2401.04351,Six-condition C-MAPSS,Six-condition C-MAPSS,change-point/onset estimation,not_applicable_or_NR,NR,Learns device-specific change points under variable conditions,NR,NR,NR,NR,NR,NR,NR,NR,NR,Optimizes downstream RUL; onset remains model-estimated,Onset sensitivity and per-engine transition evidence,C,full_text_verified,verified_for_context_only_metrics_not_reextracted,False,9,docs/research/Turbofan_Literature_Evidence_Matrix_100_Sources_v3.xlsx,ae173e281fbcbccae7da91920980f4d208a908d2f1a6a6dcfb54af5ebdf05ac3,2026-09-01,No direct metric comparison approved; see the Direct Metrics sheet.
LIT-010,Anomaly Detection and Remaining Useful Life Prediction for Turbofan Engines with a Key Point-Based Approach to Secure Health Management,NR,2024,Sensors,https://www.mdpi.com/1424-8220/24/24/8022,https://www.mdpi.com/1424-8220/24/24/8022,https://www.mdpi.com/1424-8220/24/24/8022,C-MAPSS,FD002,anomaly/degradation detection,key-point analysis with anomaly detection and RUL components,FD002; treatment differs from frozen per-mode P1/K=6 pipeline,key-point-based health-management method,NR,engine lifecycle/key point,"model-derived key points, not registered final-life endpoint proxies",NR,NR,NR,NR,NR,NR,Joint-task protocol is not directly comparable to unsupervised detector,Supports key-point/onset modeling,B,full_text_verified,verified_for_context_only_metrics_not_reextracted,False,10,docs/research/Turbofan_Literature_Evidence_Matrix_100_Sources_v3.xlsx,ae173e281fbcbccae7da91920980f4d208a908d2f1a6a6dcfb54af5ebdf05ac3,2026-09-01,No direct metric comparison approved; see the Direct Metrics sheet.
LIT-011,Aero-engines Anomaly Detection using an Unsupervised Fisher Autoencoder,Saba Sanami; Amir G. Aghdam,2025,IEEE / arXiv,arXiv:2502.05428,https://arxiv.org/abs/2502.05428,NR,C-MAPSS,FD001; FD003,anomaly/degradation detection,unsupervised or method-dependent; exact training supervision NR,NR,Fisher-divergence autoencoder for imbalanced aero-engine anomaly detection,NR,NR,NR,NR,NR,NR,NR,NR,NR,Preprint/short-conference reporting and protocol differences,Modern autoencoder comparator and novelty overlap,C,abstract_only,screening_only_no_numeric_use,False,11,docs/research/Turbofan_Literature_Evidence_Matrix_100_Sources_v3.xlsx,ae173e281fbcbccae7da91920980f4d208a908d2f1a6a6dcfb54af5ebdf05ac3,2026-09-01,No direct metric comparison approved; see the Direct Metrics sheet.
LIT-012,Anomaly Detection in Complex Dynamical Systems using TDC-AE,NR,2025,arXiv preprint,arXiv:2502.19307,https://arxiv.org/html/2502.19307v3,https://arxiv.org/html/2502.19307v3,C-MAPSS FD001 and FD003,FD001; FD003,anomaly/degradation detection,unsupervised autoencoder with proxy labels for evaluation,single-condition FD001 and FD003 only,temporal differential consistency autoencoder (TDC-AE),random engine-disjoint 80/20; internal 90/10 train/validation; thresholds optimized using anomalous training portion,cycle/sample plus engine critical-detection rate,first 60% normal; final 40% anomalous,accuracy; precision; recall; F1; critical detection rate,FD001: 96.49%; 95.95%; 95.18%; 95.56%; 100.0%. FD003: 94.84%; 93.81%; 93.16%; 93.49%; 100.0%,higher_is_better,"Authoritative arXiv HTML v3, Sec. III-C and IV-B, Table II",engine-disjoint random 80/20 test; 60/40 lifetime proxy; FD001 and FD003 only,NR,Threshold uses proxy labels and results are not FD002,Efficient modern comparator; exposes label sensitivity,C,authoritative_html_full_text_verified,verified_for_numeric_extraction,False,12,docs/research/Turbofan_Literature_Evidence_Matrix_100_Sources_v3.xlsx,ae173e281fbcbccae7da91920980f4d208a908d2f1a6a6dcfb54af5ebdf05ac3,2026-09-01,No direct metric comparison approved; see the Direct Metrics sheet.
LIT-013,Early Fault Detection on CMAPSS with Unsupervised LSTM Autoencoders,Pablo Sanchez Gallego; Karen Tatiana Reyes Mina; Bianca Elena Radu; Eugenio Jose Fernandez Vicente,2026,arXiv preprint,arXiv:2601.10269,https://arxiv.org/abs/2601.10269,https://ebuah.uah.es/xmlui/bitstream/handle/10017/68237/early_sanchez_UAH_IA3_2026.pdf?isAllowed=y&sequence=3,C-MAPSS FD001-FD004,FD001; FD002; FD003; FD004,anomaly/degradation detection,unsupervised LSTM autoencoder trained on healthy portion,regression normalization; operating variables appended as context,three-layer LSTM autoencoder; reconstruction threshold; persistence,within-trajectory 85/15 training/evaluation; 20% of healthy windows used for validation,cycle/window,first 90% normal; final 10% degraded,precision; recall; specificity; F1,FD002: precision=0.374; recall=0.799; specificity=0.982; F1=0.510,higher_is_better,"University of Alcala author manuscript, Sec. V-VI, Table 3 (pp. 9-11)",post-training evaluation; per-trajectory heuristic; first 90% normal and final 10% degraded; training uses first 85%,NR,Same-engine life partition; heuristic 85/15 and final-10% labels; not fully adaptive,Closest prior work; invalidates first-application claim,B,author_manuscript_verified,verified_for_numeric_extraction,False,13,docs/research/Turbofan_Literature_Evidence_Matrix_100_Sources_v3.xlsx,ae173e281fbcbccae7da91920980f4d208a908d2f1a6a6dcfb54af5ebdf05ac3,2026-09-01,"Closest study, but its split, healthy region, labels, threshold, and metric differ from the current validation-proxy PR-AUC."
LIT-014,RAVEN: Unsupervised Anomaly Detection in Multivariate Time Series through Residual Modeling and Autoencoder Reconstruction,NR,2025,PHM Asia Pacific,https://papers.phmsociety.org/index.php/phmap/article/view/4647,https://papers.phmsociety.org/index.php/phmap/article/view/4647,https://papers.phmsociety.org/index.php/phmap/article/view/4647,Real jet-engine test data plus simulation context,Real jet-engine test data plus simulation context,residual anomaly,unsupervised or method-dependent; exact training supervision NR,NR,Regresses operating effects then models healthy residuals with LSTM-AE; event-level evaluation,NR,NR,NR,NR,NR,NR,NR,NR,NR,Not the same FD002 benchmark,Strong residualization and operational-variability precedent,D,full_text_verified,verified_for_context_only_metrics_not_reextracted,False,14,docs/research/Turbofan_Literature_Evidence_Matrix_100_Sources_v3.xlsx,ae173e281fbcbccae7da91920980f4d208a908d2f1a6a6dcfb54af5ebdf05ac3,2026-09-01,No direct metric comparison approved; see the Direct Metrics sheet.
LIT-015,Autoencoder-Based Anomaly Detection for Turbofan Engine Sensors Data,NR,2026,Engineering and Technology Journal,https://everant.org/index.php/etj/article/view/2452,https://everant.org/index.php/etj/article/view/2452,NR,C-MAPSS FD001,FD001,anomaly/degradation detection,unsupervised or method-dependent; exact training supervision NR,NR,Autoencoder reconstruction error with a 95th-percentile threshold,NR,NR,NR,NR,NR,NR,NR,NR,NR,Lower-quality venue; labels and operational meaning of detected points are weak,Background only; do not use as central validation,C,abstract_only,screening_only_no_numeric_use,False,15,docs/research/Turbofan_Literature_Evidence_Matrix_100_Sources_v3.xlsx,ae173e281fbcbccae7da91920980f4d208a908d2f1a6a6dcfb54af5ebdf05ac3,2026-09-01,No direct metric comparison approved; see the Direct Metrics sheet.
LIT-016,Anomaly Detection in Asset Degradation Process Using Variational Autoencoder,NR,2022,Sensors,https://www.mdpi.com/1424-8220/22/1/291,https://www.mdpi.com/1424-8220/22/1/291,NR,Industrial degradation monitoring,Industrial degradation monitoring,degradation anomaly,unsupervised or method-dependent; exact training supervision NR,NR,Uses VAE reconstruction for degradation monitoring and an RUL-based normality boundary,NR,NR,NR,NR,NR,NR,NR,NR,NR,Not a C-MAPSS FD002 study,Alternative RUL-threshold proxy,D,abstract_only,screening_only_no_numeric_use,False,16,docs/research/Turbofan_Literature_Evidence_Matrix_100_Sources_v3.xlsx,ae173e281fbcbccae7da91920980f4d208a908d2f1a6a6dcfb54af5ebdf05ac3,2026-09-01,No direct metric comparison approved; see the Direct Metrics sheet.
LIT-017,Gas Turbine Anomaly Detection under Time-Varying Operation Conditions Based on Spectra Alignment and Self-Adaptive Normalization,NR,2024,Sensors,https://www.mdpi.com/1424-8220/24/3/941,https://www.mdpi.com/1424-8220/24/3/941,https://www.mdpi.com/1424-8220/24/3/941,Gas-turbine vibration,Gas-turbine vibration,condition-aware prognostics or monitoring,not_applicable_or_NR,NR,Addresses condition variation with alignment and self-adaptive normalization,NR,NR,NR,NR,NR,NR,NR,NR,NR,Different sensors and asset context,Shows condition-aware normalization is established broadly,D,full_text_verified,verified_for_context_only_metrics_not_reextracted,False,17,docs/research/Turbofan_Literature_Evidence_Matrix_100_Sources_v3.xlsx,ae173e281fbcbccae7da91920980f4d208a908d2f1a6a6dcfb54af5ebdf05ac3,2026-09-01,No direct metric comparison approved; see the Direct Metrics sheet.
LIT-018,Multiform Informed Machine Learning Based on Piecewise and Weibull for Engine RUL Prediction,NR,2023,Sensors,https://www.mdpi.com/1424-8220/23/12/5669,https://www.mdpi.com/1424-8220/23/12/5669,https://www.mdpi.com/1424-8220/23/12/5669,C-MAPSS,C-MAPSS,condition-aware prognostics or monitoring,not_applicable_or_NR,NR,Clusters diverse operating conditions with K-means and normalizes by cluster,NR,NR,NR,NR,NR,NR,NR,NR,NR,RUL rather than anomaly detection,Direct precedent for K-means condition-wise normalization,C,full_text_verified,verified_for_context_only_metrics_not_reextracted,False,18,docs/research/Turbofan_Literature_Evidence_Matrix_100_Sources_v3.xlsx,ae173e281fbcbccae7da91920980f4d208a908d2f1a6a6dcfb54af5ebdf05ac3,2026-09-01,No direct metric comparison approved; see the Direct Metrics sheet.
LIT-019,Condition-Aware AI for Predictive Maintenance: Dual-Attention CNN-GRU with Per-Regime Scaling,NR,2026,Expert Systems with Applications,https://www.sciencedirect.com/science/article/pii/S0957417426004951,https://www.sciencedirect.com/science/article/pii/S0957417426004951,https://www.sciencedirect.com/science/article/pii/S0957417426004951,C-MAPSS FD002,FD002,condition-aware prognostics or monitoring,unsupervised or method-dependent; exact training supervision NR,NR,Uses unsupervised operating-regime clustering and per-regime scaling,NR,NR,NR,NR,NR,NR,NR,NR,NR,RUL rather than anomaly detection,Direct precedent invalidating per-regime-scaling novelty,C,full_text_verified,verified_for_context_only_metrics_not_reextracted,False,19,docs/research/Turbofan_Literature_Evidence_Matrix_100_Sources_v3.xlsx,ae173e281fbcbccae7da91920980f4d208a908d2f1a6a6dcfb54af5ebdf05ac3,2026-09-01,No direct metric comparison approved; see the Direct Metrics sheet.
LIT-020,Domain Adaptation via Alignment of Operation Profile for Remaining Useful Lifetime Prediction,NR,2023,Reliability Engineering & System Safety / arXiv,arXiv:2302.01704,https://arxiv.org/abs/2302.01704,https://arxiv.org/abs/2302.01704,N-CMAPSS,N-CMAPSS,domain-adapted RUL prediction,not_applicable_or_NR,NR,Aligns operating profiles for cross-condition generalization,NR,NR,NR,NR,NR,NR,NR,NR,NR,Different dataset and RUL endpoint,Alternative to discrete regime normalization,C,full_text_verified,verified_for_context_only_metrics_not_reextracted,False,20,docs/research/Turbofan_Literature_Evidence_Matrix_100_Sources_v3.xlsx,ae173e281fbcbccae7da91920980f4d208a908d2f1a6a6dcfb54af5ebdf05ac3,2026-09-01,No direct metric comparison approved; see the Direct Metrics sheet.
LIT-021,A Self-Organizing Map and a Normalizing Multi-Layer Perceptron Approach to Baselining in Prognostics under Dynamic Regimes,NR,2021,Neurocomputing,https://doi.org/10.1016/j.neucom.2021.05.031,https://doi.org/10.1016/j.neucom.2021.05.031,https://doi.org/10.1016/j.neucom.2021.05.031,Dynamic operating regimes including C-MAPSS context,Dynamic operating regimes including C-MAPSS context,condition-aware prognostics or monitoring,not_applicable_or_NR,NR,Learns operating-condition baselines before degradation assessment,NR,NR,NR,NR,NR,NR,NR,NR,NR,Prognostics-oriented,Alternative regression/baselining comparator,C,full_text_verified,verified_for_context_only_metrics_not_reextracted,False,21,docs/research/Turbofan_Literature_Evidence_Matrix_100_Sources_v3.xlsx,ae173e281fbcbccae7da91920980f4d208a908d2f1a6a6dcfb54af5ebdf05ac3,2026-09-01,No direct metric comparison approved; see the Direct Metrics sheet.
LIT-022,A Comparison of Residual-based Methods on Fault Detection,NR,2023,PHM Society Conference,https://papers.phmsociety.org/index.php/phmconf/article/view/3444,https://papers.phmsociety.org/index.php/phmconf/article/view/3444,https://papers.phmsociety.org/index.php/phmconf/article/view/3444,Industrial multivariate systems,Industrial multivariate systems,residual anomaly,unsupervised or method-dependent; exact training supervision NR,NR,Compares autoencoder residuals with input-output models that condition on operating variables,NR,NR,NR,NR,NR,NR,NR,NR,NR,Not the FD002 study,Motivates regression residualization versus AE residuals,D,full_text_verified,verified_for_context_only_metrics_not_reextracted,False,22,docs/research/Turbofan_Literature_Evidence_Matrix_100_Sources_v3.xlsx,ae173e281fbcbccae7da91920980f4d208a908d2f1a6a6dcfb54af5ebdf05ac3,2026-09-01,No direct metric comparison approved; see the Direct Metrics sheet.
LIT-023,Isolation Forest,NR,2008,IEEE ICDM,IEEE:4781136,https://ieeexplore.ieee.org/document/4781136,NR,General tabular anomaly detection,General tabular anomaly detection,classical baseline,not_applicable_or_NR,NR,Isolation-based anomaly scoring with subsampling,NR,NR,NR,NR,NR,NR,NR,NR,NR,Window flattening discards temporal order,Required classical baseline,D,abstract_only,screening_only_no_numeric_use,False,23,docs/research/Turbofan_Literature_Evidence_Matrix_100_Sources_v3.xlsx,ae173e281fbcbccae7da91920980f4d208a908d2f1a6a6dcfb54af5ebdf05ac3,2026-09-01,No direct metric comparison approved; see the Direct Metrics sheet.
LIT-024,LOF: Identifying Density-Based Local Outliers,NR,2000,ACM SIGMOD,doi:10.1145/342009.335388,https://dl.acm.org/doi/10.1145/342009.335388,NR,General anomaly detection,General anomaly detection,classical baseline,not_applicable_or_NR,NR,Local-density deviation score,NR,NR,NR,NR,NR,NR,NR,NR,NR,Standard LOF is not an unseen-data novelty detector unless configured appropriately,Required local-density baseline,D,abstract_only,screening_only_no_numeric_use,False,24,docs/research/Turbofan_Literature_Evidence_Matrix_100_Sources_v3.xlsx,ae173e281fbcbccae7da91920980f4d208a908d2f1a6a6dcfb54af5ebdf05ac3,2026-09-01,No direct metric comparison approved; see the Direct Metrics sheet.
LIT-025,Estimating the Support of a High-Dimensional Distribution,NR,2001,Neural Computation,https://doi.org/10.1162/089976601750264965,https://doi.org/10.1162/089976601750264965,NR,General one-class learning,General one-class learning,classical baseline,one-class,NR,One-class SVM learns the support of normal data,NR,NR,NR,NR,NR,NR,NR,NR,NR,Sensitive to scaling and hyperparameters,Baseline and change-point component,D,abstract_only,screening_only_no_numeric_use,False,25,docs/research/Turbofan_Literature_Evidence_Matrix_100_Sources_v3.xlsx,ae173e281fbcbccae7da91920980f4d208a908d2f1a6a6dcfb54af5ebdf05ac3,2026-09-01,No direct metric comparison approved; see the Direct Metrics sheet.
LIT-026,Detecting Spacecraft Anomalies Using LSTMs and Nonparametric Dynamic Thresholding,NR,2018,KDD,doi:10.1145/3219819.3219845,https://dl.acm.org/doi/10.1145/3219819.3219845,https://dl.acm.org/doi/10.1145/3219819.3219845,NASA spacecraft telemetry,NASA spacecraft telemetry,dynamic threshold,not_applicable_or_NR,NR,Couples temporal model errors with a dynamic nonparametric threshold,NR,NR,NR,NR,NR,NR,NR,NR,NR,Different telemetry benchmark and supervised incident context,Precedent for dynamic thresholding and persistence,D,full_text_verified,verified_for_context_only_metrics_not_reextracted,False,26,docs/research/Turbofan_Literature_Evidence_Matrix_100_Sources_v3.xlsx,ae173e281fbcbccae7da91920980f4d208a908d2f1a6a6dcfb54af5ebdf05ac3,2026-09-01,No direct metric comparison approved; see the Direct Metrics sheet.
LIT-027,Anomaly Detection in Streams with Extreme Value Theory,NR,2017,KDD,doi:10.1145/3097983.3098144,https://dl.acm.org/doi/10.1145/3097983.3098144,https://dl.acm.org/doi/10.1145/3097983.3098144,Streaming time series,Streaming time series,dynamic threshold,not_applicable_or_NR,NR,SPOT controls tail risk without a fixed distributional threshold,NR,NR,NR,NR,NR,NR,NR,NR,NR,Originally univariate; multivariate score must be aggregated first,EVT threshold comparator,D,full_text_verified,verified_for_context_only_metrics_not_reextracted,False,27,docs/research/Turbofan_Literature_Evidence_Matrix_100_Sources_v3.xlsx,ae173e281fbcbccae7da91920980f4d208a908d2f1a6a6dcfb54af5ebdf05ac3,2026-09-01,No direct metric comparison approved; see the Direct Metrics sheet.
LIT-028,Robust Anomaly Detection for Multivariate Time Series through Stochastic Recurrent Neural Network,NR,2019,KDD,doi:10.1145/3292500.3330672,https://dl.acm.org/doi/10.1145/3292500.3330672,https://dl.acm.org/doi/10.1145/3292500.3330672,Multivariate time series,Multivariate time series,deep baseline,not_applicable_or_NR,NR,OmniAnomaly uses a stochastic recurrent latent-variable model,NR,NR,NR,NR,NR,NR,NR,NR,NR,High complexity and benchmark protocol differences,Optional modern baseline,D,full_text_verified,verified_for_context_only_metrics_not_reextracted,False,28,docs/research/Turbofan_Literature_Evidence_Matrix_100_Sources_v3.xlsx,ae173e281fbcbccae7da91920980f4d208a908d2f1a6a6dcfb54af5ebdf05ac3,2026-09-01,No direct metric comparison approved; see the Direct Metrics sheet.
LIT-029,USAD: UnSupervised Anomaly Detection on Multivariate Time Series,NR,2020,KDD,doi:10.1145/3394486.3403392,https://dl.acm.org/doi/10.1145/3394486.3403392,https://dl.acm.org/doi/10.1145/3394486.3403392,Multivariate time series,Multivariate time series,deep baseline,unsupervised or method-dependent; exact training supervision NR,NR,Adversarially trained autoencoder ensemble,NR,NR,NR,NR,NR,NR,NR,NR,NR,Not condition-aware and can be evaluation-protocol sensitive,Feasible modern comparator,D,full_text_verified,verified_for_context_only_metrics_not_reextracted,False,29,docs/research/Turbofan_Literature_Evidence_Matrix_100_Sources_v3.xlsx,ae173e281fbcbccae7da91920980f4d208a908d2f1a6a6dcfb54af5ebdf05ac3,2026-09-01,No direct metric comparison approved; see the Direct Metrics sheet.
LIT-030,Multivariate Time-series Anomaly Detection via Graph Attention Network,NR,2020,IEEE ICDM / arXiv,arXiv:2009.02040,https://arxiv.org/abs/2009.02040,https://arxiv.org/abs/2009.02040,Multivariate time series,Multivariate time series,deep baseline,not_applicable_or_NR,NR,MTAD-GAT models temporal and feature dependencies,NR,NR,NR,NR,NR,NR,NR,NR,NR,More complex than LSTM-AE and not guaranteed better,Optional sensor-dependency comparator,D,full_text_verified,verified_for_context_only_metrics_not_reextracted,False,30,docs/research/Turbofan_Literature_Evidence_Matrix_100_Sources_v3.xlsx,ae173e281fbcbccae7da91920980f4d208a908d2f1a6a6dcfb54af5ebdf05ac3,2026-09-01,No direct metric comparison approved; see the Direct Metrics sheet.
LIT-031,TranAD: Deep Transformer Networks for Anomaly Detection in Multivariate Time Series Data,NR,2022,PVLDB / arXiv,arXiv:2201.07284,https://arxiv.org/abs/2201.07284,https://arxiv.org/abs/2201.07284,Multivariate time series,Multivariate time series,deep baseline,not_applicable_or_NR,NR,Transformer-based reconstruction with adversarial training,NR,NR,NR,NR,NR,NR,NR,NR,NR,Reported scores may depend on evaluation conventions,Optional transformer comparator,D,full_text_verified,verified_for_context_only_metrics_not_reextracted,False,31,docs/research/Turbofan_Literature_Evidence_Matrix_100_Sources_v3.xlsx,ae173e281fbcbccae7da91920980f4d208a908d2f1a6a6dcfb54af5ebdf05ac3,2026-09-01,No direct metric comparison approved; see the Direct Metrics sheet.
LIT-032,Anomaly Transformer: Time Series Anomaly Detection with Association Discrepancy,NR,2022,ICLR,https://openreview.net/forum?id=LzQQ89U1qm_,https://openreview.net/forum?id=LzQQ89U1qm_,https://openreview.net/forum?id=LzQQ89U1qm_,Multivariate time series,Multivariate time series,deep baseline,not_applicable_or_NR,NR,Uses association discrepancy for anomaly scoring,NR,NR,NR,NR,NR,NR,NR,NR,NR,Complex and benchmark-dependent,Literature coverage; not necessary for minimum project,D,full_text_verified,verified_for_context_only_metrics_not_reextracted,False,32,docs/research/Turbofan_Literature_Evidence_Matrix_100_Sources_v3.xlsx,ae173e281fbcbccae7da91920980f4d208a908d2f1a6a6dcfb54af5ebdf05ac3,2026-09-01,No direct metric comparison approved; see the Direct Metrics sheet.
LIT-033,Memorizing Normality to Detect Anomaly: Memory-augmented Deep Autoencoder,NR,2019,ICCV / arXiv,arXiv:1904.02639,https://arxiv.org/abs/1904.02639,https://arxiv.org/abs/1904.02639,General anomaly detection,General anomaly detection,deep baseline,not_applicable_or_NR,NR,Restricts reconstruction to learned normal prototypes,NR,NR,NR,NR,NR,NR,NR,NR,NR,Not tailored to C-MAPSS sequences,Evidence that vanilla AEs may reconstruct anomalies too well,D,full_text_verified,verified_for_context_only_metrics_not_reextracted,False,33,docs/research/Turbofan_Literature_Evidence_Matrix_100_Sources_v3.xlsx,ae173e281fbcbccae7da91920980f4d208a908d2f1a6a6dcfb54af5ebdf05ac3,2026-09-01,No direct metric comparison approved; see the Direct Metrics sheet.
LIT-034,An Evaluation of Anomaly Detection and Diagnosis in Multivariate Time Series,NR,2022,IEEE TNNLS,https://pubmed.ncbi.nlm.nih.gov/34464278/,https://pubmed.ncbi.nlm.nih.gov/34464278/,https://pubmed.ncbi.nlm.nih.gov/34464278/,Multiple multivariate benchmarks,Multiple multivariate benchmarks,evaluation,not_applicable_or_NR,NR,Finds scoring functions can matter more than model architecture,NR,NR,NR,NR,NR,NR,NR,NR,NR,Not a C-MAPSS-specific comparison,Prioritize scoring/threshold ablations,D,full_text_verified,verified_for_context_only_metrics_not_reextracted,False,34,docs/research/Turbofan_Literature_Evidence_Matrix_100_Sources_v3.xlsx,ae173e281fbcbccae7da91920980f4d208a908d2f1a6a6dcfb54af5ebdf05ac3,2026-09-01,No direct metric comparison approved; see the Direct Metrics sheet.
LIT-035,Precision and Recall for Time Series,NR,2018,NeurIPS,https://papers.nips.cc/paper/7462-precision-and-recall-for-time-series,https://papers.nips.cc/paper/7462-precision-and-recall-for-time-series,https://papers.nips.cc/paper/7462-precision-and-recall-for-time-series,Range-based time-series anomalies,Range-based time-series anomalies,evaluation,not_applicable_or_NR,NR,Defines range-aware precision and recall,NR,NR,NR,NR,NR,NR,NR,NR,NR,Requires choices about range weighting,Event/range metrics,D,full_text_verified,verified_for_context_only_metrics_not_reextracted,False,35,docs/research/Turbofan_Literature_Evidence_Matrix_100_Sources_v3.xlsx,ae173e281fbcbccae7da91920980f4d208a908d2f1a6a6dcfb54af5ebdf05ac3,2026-09-01,No direct metric comparison approved; see the Direct Metrics sheet.
LIT-036,Towards a Rigorous Evaluation of Time-Series Anomaly Detection,NR,2022,AAAI,https://ojs.aaai.org/index.php/AAAI/article/view/20680,https://ojs.aaai.org/index.php/AAAI/article/view/20680,https://ojs.aaai.org/index.php/AAAI/article/view/20680,Time-series anomaly benchmarks,Time-series anomaly benchmarks,evaluation,not_applicable_or_NR,NR,Shows point adjustment can make random scores look state of the art,NR,NR,NR,NR,NR,NR,NR,NR,NR,Focuses benchmark evaluation rather than PHM cost,Prohibits point-adjusted headline F1,D,full_text_verified,verified_for_context_only_metrics_not_reextracted,False,36,docs/research/Turbofan_Literature_Evidence_Matrix_100_Sources_v3.xlsx,ae173e281fbcbccae7da91920980f4d208a908d2f1a6a6dcfb54af5ebdf05ac3,2026-09-01,No direct metric comparison approved; see the Direct Metrics sheet.
LIT-037,Volume Under the Surface: A New Accuracy Evaluation Measure for Time-Series Anomaly Detection,NR,2022,PVLDB,doi:10.14778/3551793.3551830,https://dl.acm.org/doi/10.14778/3551793.3551830,https://dl.acm.org/doi/10.14778/3551793.3551830,Time-series anomaly benchmarks,Time-series anomaly benchmarks,evaluation,not_applicable_or_NR,NR,Provides range-aware ROC/PR surfaces across timing tolerances,NR,NR,NR,NR,NR,NR,NR,NR,NR,More complex to communicate than raw event metrics,Optional timing-robust metric,D,full_text_verified,verified_for_context_only_metrics_not_reextracted,False,37,docs/research/Turbofan_Literature_Evidence_Matrix_100_Sources_v3.xlsx,ae173e281fbcbccae7da91920980f4d208a908d2f1a6a6dcfb54af5ebdf05ac3,2026-09-01,No direct metric comparison approved; see the Direct Metrics sheet.
LIT-038,Anomaly Detection in Time Series: A Comprehensive Evaluation,Sebastian Schmidl; Phillip Wenig; Thorsten Papenbrock,2022,PVLDB,doi:10.14778/3538598.3538602,https://timeeval.github.io/evaluation-paper/,https://timeeval.github.io/evaluation-paper/,Large multi-domain benchmark,Large multi-domain benchmark,evaluation,not_applicable_or_NR,NR,Finds no detector family consistently dominates,NR,NR,NR,NR,NR,NR,NR,NR,NR,Not multivariate C-MAPSS-specific,Justifies strong simple baselines and reproducibility,D,full_text_verified,verified_for_context_only_metrics_not_reextracted,False,38,docs/research/Turbofan_Literature_Evidence_Matrix_100_Sources_v3.xlsx,ae173e281fbcbccae7da91920980f4d208a908d2f1a6a6dcfb54af5ebdf05ac3,2026-09-01,No direct metric comparison approved; see the Direct Metrics sheet.
LIT-039,Current Time Series Anomaly Detection Benchmarks are Flawed and are Creating the Illusion of Progress,NR,2023,IEEE TKDE / arXiv,arXiv:2009.13807,https://arxiv.org/abs/2009.13807,https://arxiv.org/abs/2009.13807,Popular anomaly benchmarks,Popular anomaly benchmarks,evaluation,not_applicable_or_NR,NR,"Documents benchmark flaws, mislabeled/trivial anomalies and unreliable rankings",NR,NR,NR,NR,NR,NR,NR,NR,NR,Not specifically an FD002 analysis,Supports conservative comparative claims,D,full_text_verified,verified_for_context_only_metrics_not_reextracted,False,39,docs/research/Turbofan_Literature_Evidence_Matrix_100_Sources_v3.xlsx,ae173e281fbcbccae7da91920980f4d208a908d2f1a6a6dcfb54af5ebdf05ac3,2026-09-01,No direct metric comparison approved; see the Direct Metrics sheet.
LIT-040,Navigating the Metric Maze: A Taxonomy of Evaluation Metrics for Anomaly Detection in Time Series,NR,2023,Data Mining and Knowledge Discovery / arXiv,arXiv:2303.01272,https://arxiv.org/abs/2303.01272,https://arxiv.org/abs/2303.01272,Time-series anomaly metrics,Time-series anomaly metrics,evaluation,not_applicable_or_NR,NR,Taxonomizes metric behavior and domain trade-offs,NR,NR,NR,NR,NR,NR,NR,NR,NR,Metric choice still requires operational semantics,Metric selection and sensitivity,D,full_text_verified,verified_for_context_only_metrics_not_reextracted,False,40,docs/research/Turbofan_Literature_Evidence_Matrix_100_Sources_v3.xlsx,ae173e281fbcbccae7da91920980f4d208a908d2f1a6a6dcfb54af5ebdf05ac3,2026-09-01,No direct metric comparison approved; see the Direct Metrics sheet.
LIT-041,A Unified Approach to Interpreting Model Predictions,NR,2017,NeurIPS,https://proceedings.neurips.cc/paper/7062-a-unified-approach-to-interpreting-model-predictions.pdf,https://proceedings.neurips.cc/paper/7062-a-unified-approach-to-interpreting-model-predictions.pdf,https://proceedings.neurips.cc/paper/7062-a-unified-approach-to-interpreting-model-predictions.pdf,General supervised models,General supervised models,explainability,not_applicable_or_NR,NR,Introduces SHAP feature attributions,NR,NR,NR,NR,NR,NR,NR,NR,NR,Does not guarantee fidelity to a different black-box model through a surrogate,Foundation for carefully labeled surrogate SHAP,D,full_text_verified,verified_for_context_only_metrics_not_reextracted,False,41,docs/research/Turbofan_Literature_Evidence_Matrix_100_Sources_v3.xlsx,ae173e281fbcbccae7da91920980f4d208a908d2f1a6a6dcfb54af5ebdf05ac3,2026-09-01,No direct metric comparison approved; see the Direct Metrics sheet.
LIT-042,A Survey on Explainable Anomaly Detection,NR,2023,ACM Computing Surveys,doi:10.1145/3609333,https://dl.acm.org/doi/10.1145/3609333,https://dl.acm.org/doi/10.1145/3609333,Explainable anomaly detection,Explainable anomaly detection,explainability,not_applicable_or_NR,NR,Organizes explanation types and fidelity issues,NR,NR,NR,NR,NR,NR,NR,NR,NR,Survey; does not validate one project explanation,Frames native versus surrogate explanation,D,full_text_verified,verified_for_context_only_metrics_not_reextracted,False,42,docs/research/Turbofan_Literature_Evidence_Matrix_100_Sources_v3.xlsx,ae173e281fbcbccae7da91920980f4d208a908d2f1a6a6dcfb54af5ebdf05ac3,2026-09-01,No direct metric comparison approved; see the Direct Metrics sheet.
LIT-043,Anomaly Detection and Diagnosis in Manufacturing Systems,NR,2019,PHM Society Conference,https://papers.phmsociety.org/index.php/phmconf/article/view/815,https://papers.phmsociety.org/index.php/phmconf/article/view/815,https://papers.phmsociety.org/index.php/phmconf/article/view/815,Manufacturing multivariate systems,Manufacturing multivariate systems,explainability,not_applicable_or_NR,NR,Uses variable-wise residual/contribution ideas for diagnosis,NR,NR,NR,NR,NR,NR,NR,NR,NR,Different industrial assets,Supports per-sensor contribution analysis,D,full_text_verified,verified_for_context_only_metrics_not_reextracted,False,43,docs/research/Turbofan_Literature_Evidence_Matrix_100_Sources_v3.xlsx,ae173e281fbcbccae7da91920980f4d208a908d2f1a6a6dcfb54af5ebdf05ac3,2026-09-01,No direct metric comparison approved; see the Direct Metrics sheet.
LIT-044,ReX: A Framework for Incorporating Temporal Information in Model-Agnostic Local Explanation Techniques,NR,2022,AAAI 2025 / arXiv,arXiv:2209.03798,https://arxiv.org/abs/2209.03798,https://arxiv.org/abs/2209.03798,Temporal ML models,Temporal ML models,explainability,not_applicable_or_NR,NR,Adapts local surrogate sampling and features to temporal inputs,NR,NR,NR,NR,NR,NR,NR,NR,NR,Not an anomaly-specific or C-MAPSS study,Shows ordinary KernelSHAP ignores temporal structure,D,full_text_verified,verified_for_context_only_metrics_not_reextracted,False,44,docs/research/Turbofan_Literature_Evidence_Matrix_100_Sources_v3.xlsx,ae173e281fbcbccae7da91920980f4d208a908d2f1a6a6dcfb54af5ebdf05ac3,2026-09-01,No direct metric comparison approved; see the Direct Metrics sheet.
LIT-045,Outlier Ensembles: An Introduction,NR,2013,KDD workshop / ACM,doi:10.1145/2481244.2481252,https://dl.acm.org/doi/10.1145/2481244.2481252,https://dl.acm.org/doi/10.1145/2481244.2481252,General anomaly detection,General anomaly detection,ensemble,not_applicable_or_NR,NR,Studies aggregation of heterogeneous outlier scores,NR,NR,NR,NR,NR,NR,NR,NR,NR,Ensembles can be degraded by correlated or weak detectors,Fusion design and score normalization,D,full_text_verified,verified_for_context_only_metrics_not_reextracted,False,45,docs/research/Turbofan_Literature_Evidence_Matrix_100_Sources_v3.xlsx,ae173e281fbcbccae7da91920980f4d208a908d2f1a6a6dcfb54af5ebdf05ac3,2026-09-01,No direct metric comparison approved; see the Direct Metrics sheet.
LIT-046,Theoretical Foundations and Algorithms for Outlier Ensembles,NR,2015,SIGKDD Explorations,doi:10.1145/2830544.2830549,https://dl.acm.org/doi/10.1145/2830544.2830549,https://dl.acm.org/doi/10.1145/2830544.2830549,General anomaly detection,General anomaly detection,ensemble,not_applicable_or_NR,NR,Formalizes outlier-score combination and normalization,NR,NR,NR,NR,NR,NR,NR,NR,NR,Theory is not a guarantee of benefit on FD002,Requires calibrated/rank-normalized fusion and ablation,D,full_text_verified,verified_for_context_only_metrics_not_reextracted,False,46,docs/research/Turbofan_Literature_Evidence_Matrix_100_Sources_v3.xlsx,ae173e281fbcbccae7da91920980f4d208a908d2f1a6a6dcfb54af5ebdf05ac3,2026-09-01,No direct metric comparison approved; see the Direct Metrics sheet.
LIT-047,A Multiple Classifier System for Prognostics of Aircraft Engines,NR,2012,IEEE / C-MAPSS decision fusion,IEEE:6197000,https://ieeexplore.ieee.org/document/6197000/,NR,C-MAPSS,C-MAPSS,ensemble,not_applicable_or_NR,NR,Demonstrates model/decision fusion in turbofan prognostics,NR,NR,NR,NR,NR,NR,NR,NR,NR,RUL/prognostics endpoint rather than unsupervised anomaly alerting,Shows turbofan fusion is not new,C,abstract_only,screening_only_no_numeric_use,False,47,docs/research/Turbofan_Literature_Evidence_Matrix_100_Sources_v3.xlsx,ae173e281fbcbccae7da91920980f4d208a908d2f1a6a6dcfb54af5ebdf05ac3,2026-09-01,No direct metric comparison approved; see the Direct Metrics sheet.
LIT-048,Adaptive Model Pooling for Online Deep Anomaly Detection from a Complex Evolving Data Stream,NR,2022,KDD,arXiv:2206.04792,https://arxiv.org/abs/2206.04792,https://arxiv.org/abs/2206.04792,Streaming datasets with concept drift,Streaming datasets with concept drift,online drift,not_applicable_or_NR,NR,ARCUS separates concept-driven inference from drift-aware model-pool updates,NR,NR,NR,NR,NR,NR,NR,NR,NR,Not C-MAPSS and substantially more complex,Evidence that safe adaptation needs explicit drift logic,D,full_text_verified,verified_for_context_only_metrics_not_reextracted,False,48,docs/research/Turbofan_Literature_Evidence_Matrix_100_Sources_v3.xlsx,ae173e281fbcbccae7da91920980f4d208a908d2f1a6a6dcfb54af5ebdf05ac3,2026-09-01,No direct metric comparison approved; see the Direct Metrics sheet.
LIT-049,Autoencoder-based Anomaly Detection in Streaming Data with Incremental Learning and Concept Drift Adaptation,NR,2023,IJCNN,arXiv:2305.08977,https://arxiv.org/abs/2305.08977,https://arxiv.org/abs/2305.08977,Streaming imbalanced datasets,Streaming imbalanced datasets,online drift,not_applicable_or_NR,NR,Combines incremental AE learning with explicit drift detection,NR,NR,NR,NR,NR,NR,NR,NR,NR,Not a turbofan benchmark,Contrasts with blindly updating thresholds on every score,D,full_text_verified,verified_for_context_only_metrics_not_reextracted,False,49,docs/research/Turbofan_Literature_Evidence_Matrix_100_Sources_v3.xlsx,ae173e281fbcbccae7da91920980f4d208a908d2f1a6a6dcfb54af5ebdf05ac3,2026-09-01,No direct metric comparison approved; see the Direct Metrics sheet.
LIT-050,The Impact of Neglecting Feature Scaling in K-means Clustering,NR,2024,Peer-reviewed open-access study,https://pmc.ncbi.nlm.nih.gov/articles/PMC11623793/,https://pmc.ncbi.nlm.nih.gov/articles/PMC11623793/,https://pmc.ncbi.nlm.nih.gov/articles/PMC11623793/,K-means benchmarks,K-means benchmarks,feature scaling,not_applicable_or_NR,NR,Demonstrates that feature scale changes Euclidean cluster assignments and quality,NR,NR,NR,NR,NR,NR,NR,NR,NR,Not C-MAPSS-specific,Requires scaling op1/op2/op3 before K-means,D,full_text_verified,verified_for_context_only_metrics_not_reextracted,False,50,docs/research/Turbofan_Literature_Evidence_Matrix_100_Sources_v3.xlsx,ae173e281fbcbccae7da91920980f4d208a908d2f1a6a6dcfb54af5ebdf05ac3,2026-09-01,No direct metric comparison approved; see the Direct Metrics sheet.
LIT-051,Aero-Engine Fault Detection with an LSTM Auto-Encoder and Self-Attention Mechanism,NR,2024,Machines,https://www.mdpi.com/2075-1702/12/12/879,https://www.mdpi.com/2075-1702/12/12/879,https://www.mdpi.com/2075-1702/12/12/879,Aero-engine multivariate data,Aero-engine multivariate data,aeroengine fault detection,not_applicable_or_NR,NR,Combines LSTM-AE and self-attention for fault detection,NR,NR,NR,NR,NR,NR,NR,NR,NR,Dataset/protocol not identical to FD002 project,Additional aero-engine sequence-model precedent,C,full_text_verified,verified_for_context_only_metrics_not_reextracted,False,51,docs/research/Turbofan_Literature_Evidence_Matrix_100_Sources_v3.xlsx,ae173e281fbcbccae7da91920980f4d208a908d2f1a6a6dcfb54af5ebdf05ac3,2026-09-01,No direct metric comparison approved; see the Direct Metrics sheet.
LIT-052,Bifurcated Remaining Useful Life Prediction: A Hybrid Prognostic Framework,NR,2026,PHM Europe,https://www.papers.phmsociety.org/index.php/phme/article/view/4903,https://www.papers.phmsociety.org/index.php/phme/article/view/4903,https://www.papers.phmsociety.org/index.php/phme/article/view/4903,C-MAPSS,C-MAPSS,RUL prediction,unsupervised or method-dependent; exact training supervision NR,NR,Uses an LSTM autoencoder trained on nominal data with an RUL>150 state boundary,NR,NR,NR,NR,NR,NR,NR,NR,NR,RUL endpoint and 2026 publication; not direct detector benchmark,Supports RUL-threshold normality sensitivity,C,full_text_verified,verified_for_context_only_metrics_not_reextracted,False,52,docs/research/Turbofan_Literature_Evidence_Matrix_100_Sources_v3.xlsx,ae173e281fbcbccae7da91920980f4d208a908d2f1a6a6dcfb54af5ebdf05ac3,2026-09-01,No direct metric comparison approved; see the Direct Metrics sheet.
LIT-053,User's Guide for the Commercial Modular Aero-Propulsion System Simulation (C-MAPSS),NR,2007,NASA Technical Memorandum 2007-215026,NTRS:20070034949,https://ntrs.nasa.gov/citations/20070034949,NR,C-MAPSS simulator,C-MAPSS simulator,dataset/simulator documentation,not_applicable_or_NR,NR,"Documents the simulator architecture, variables, interfaces, and intended use behind C-MAPSS-generated studies.",NR,NR,NR,NR,NR,NR,NR,NR,NR,"A simulator guide, not an anomaly-detection benchmark or source of cycle-level degradation labels.","Dataset provenance, variable interpretation, and limits of claims about physical engine behavior.",C,metadata_only,screening_only_no_numeric_use,False,53,docs/research/Turbofan_Literature_Evidence_Matrix_100_Sources_v3.xlsx,ae173e281fbcbccae7da91920980f4d208a908d2f1a6a6dcfb54af5ebdf05ac3,2026-09-01,No detector is evaluated.
LIT-054,Aircraft Engine Run-to-Failure Dataset under Real Flight Conditions for Prognostics and Diagnostics,NR,2021,Data,https://www.mdpi.com/2306-5729/6/1/5,https://www.mdpi.com/2306-5729/6/1/5,https://www.mdpi.com/2306-5729/6/1/5,N-CMAPSS,N-CMAPSS,dataset/provenance,not_applicable_or_NR,NR,Introduces N-CMAPSS with realistic flight profiles and component-level degradation for prognostics and diagnostics.,NR,NR,NR,NR,NR,NR,NR,NR,NR,N-CMAPSS is not interchangeable with the older FD002 benchmark and is substantially larger.,Candidate external/future validation dataset and evidence for realistic operating-profile variation.,C,full_text_verified,verified_for_context_only_metrics_not_reextracted,False,54,docs/research/Turbofan_Literature_Evidence_Matrix_100_Sources_v3.xlsx,ae173e281fbcbccae7da91920980f4d208a908d2f1a6a6dcfb54af5ebdf05ac3,2026-09-01,Dataset paper; no detector metric comparison.
LIT-055,Anomaly Detection and Fault Disambiguation in Large Flight Data: A Multi-modal Deep Auto-encoder Approach,NR,2016,Annual Conference of the PHM Society,https://papers.phmsociety.org/index.php/phmconf/article/view/2549,https://papers.phmsociety.org/index.php/phmconf/article/view/2549,https://papers.phmsociety.org/index.php/phmconf/article/view/2549,Aircraft electromechanical actuator; multiple operating conditions,Aircraft electromechanical actuator; multiple operating conditions,aerospace anomaly,unsupervised or method-dependent; exact training supervision NR,NR,Trains a deep autoencoder on nominal multi-sensor windows; uses total and sensor-wise reconstruction error for detection and disambiguation.,NR,NR,NR,NR,NR,NR,NR,NR,NR,Not FD002 and faults are experimentally defined rather than gradual run-to-failure proxy labels.,Strong precedent for reconstruction scoring and native per-sensor contribution explanations.,D,full_text_verified,verified_for_context_only_metrics_not_reextracted,False,55,docs/research/Turbofan_Literature_Evidence_Matrix_100_Sources_v3.xlsx,ae173e281fbcbccae7da91920980f4d208a908d2f1a6a6dcfb54af5ebdf05ac3,2026-09-01,"Different asset, fault construction, split, and metric definitions."
LIT-056,Hybrid Deep Fault Detection and Isolation: Combining Deep Neural Networks and System Performance Models,NR,2019,International Journal of Prognostics and Health Management,https://papers.phmsociety.org/index.php/ijphm/article/view/2621,https://papers.phmsociety.org/index.php/ijphm/article/view/2621,https://papers.phmsociety.org/index.php/ijphm/article/view/2621,C-MAPSS dynamic model; healthy plus four fault conditions,C-MAPSS dynamic model; healthy plus four fault conditions,residual anomaly,unsupervised or method-dependent; exact training supervision NR,NR,Combines operating inputs and physics-model residual or calibrated virtual variables with AE/VAE/HELM/OCSVM diagnostics.,NR,NR,NR,NR,NR,NR,NR,NR,NR,"Uses a separately generated fault-diagnostics dataset, not FD002 gradual-degradation proxies.",Evidence for residualization as a condition-aware comparator and for separating detection from fault isolation.,C,full_text_verified,verified_for_context_only_metrics_not_reextracted,False,56,docs/research/Turbofan_Literature_Evidence_Matrix_100_Sources_v3.xlsx,ae173e281fbcbccae7da91920980f4d208a908d2f1a6a6dcfb54af5ebdf05ac3,2026-09-01,Accuracy on known simulated faults is not comparable with FD002 proxy PR-AUC.
LIT-057,Operating Condition-Invariant Neural Network-based Prognostics Methods Applied on Turbofan Aircraft Engines,NR,2019,Annual Conference of the PHM Society,https://papers.phmsociety.org/index.php/phmconf/article/view/786,https://papers.phmsociety.org/index.php/phmconf/article/view/786,https://papers.phmsociety.org/index.php/phmconf/article/view/786,C-MAPSS TEDS and PHM2008,C-MAPSS TEDS and PHM2008,condition-aware prognostics or monitoring,not_applicable_or_NR,NR,Studies preprocessing and neural architectures with the goal of reducing operating-condition dependence.,NR,NR,NR,NR,NR,NR,NR,NR,NR,RUL prediction rather than anomaly alerting; timeliness and accuracy trade-offs use different endpoints.,Supports the central need for careful EDA and operating-condition treatment before modeling.,C,full_text_verified,verified_for_context_only_metrics_not_reextracted,False,57,docs/research/Turbofan_Literature_Evidence_Matrix_100_Sources_v3.xlsx,ae173e281fbcbccae7da91920980f4d208a908d2f1a6a6dcfb54af5ebdf05ac3,2026-09-01,Different task and outcome.
LIT-058,Data-Driven Prognostics and Diagnostics of Industrial Machinery: A Turbofan Engine Case Study,NR,2023,PHM Asia Pacific,https://papers.phmsociety.org/index.php/phmap/article/view/3690,https://papers.phmsociety.org/index.php/phmap/article/view/3690,https://papers.phmsociety.org/index.php/phmap/article/view/3690,N-CMAPSS,N-CMAPSS,prognostics/diagnostics data engineering,not_applicable_or_NR,NR,Examines efficient organization and transformation of large multivariate run-to-failure data for prognostics and diagnostics workflows.,NR,NR,NR,NR,NR,NR,NR,NR,NR,Focus is data organization and RUL workflow rather than a directly comparable anomaly detector.,"Guides reproducible artifact layout, metadata retention, and scalable data preparation.",C,full_text_verified,verified_for_context_only_metrics_not_reextracted,False,58,docs/research/Turbofan_Literature_Evidence_Matrix_100_Sources_v3.xlsx,ae173e281fbcbccae7da91920980f4d208a908d2f1a6a6dcfb54af5ebdf05ac3,2026-09-01,Workflow evidence only.
LIT-059,Deep Autoencoding Gaussian Mixture Model for Unsupervised Anomaly Detection,NR,2018,ICLR,https://openreview.net/forum?id=BJJLHbb0-,https://openreview.net/forum?id=BJJLHbb0-,https://openreview.net/forum?id=BJJLHbb0-,General high-dimensional anomaly benchmarks,General high-dimensional anomaly benchmarks,deep baseline,unsupervised or method-dependent; exact training supervision NR,NR,"Jointly learns an autoencoder representation, reconstruction features, and a Gaussian-mixture energy model.",NR,NR,NR,NR,NR,NR,NR,NR,NR,Tabular benchmark method; temporal order and operating regimes require additional design.,Optional density-on-latent comparator; not required for the minimum study.,D,full_text_verified,verified_for_context_only_metrics_not_reextracted,False,59,docs/research/Turbofan_Literature_Evidence_Matrix_100_Sources_v3.xlsx,ae173e281fbcbccae7da91920980f4d208a908d2f1a6a6dcfb54af5ebdf05ac3,2026-09-01,Different datasets and labels.
LIT-060,Deep One-Class Classification,NR,2018,ICML / PMLR,https://proceedings.mlr.press/v80/ruff18a,https://proceedings.mlr.press/v80/ruff18a,NR,General one-class anomaly detection,General one-class anomaly detection,deep baseline,not_applicable_or_NR,NR,"Introduces Deep SVDD, optimizing a neural representation for a compact nominal-data hypersphere.",NR,NR,NR,NR,NR,NR,NR,NR,NR,Original experiments are image-centric; architecture constraints and collapse prevention matter.,Deep one-class alternative to reconstruction; lower priority than completing the registered protocol.,D,abstract_only,screening_only_no_numeric_use,False,60,docs/research/Turbofan_Literature_Evidence_Matrix_100_Sources_v3.xlsx,ae173e281fbcbccae7da91920980f4d208a908d2f1a6a6dcfb54af5ebdf05ac3,2026-09-01,Different modality and protocol.
LIT-061,MAD-GAN: Multivariate Anomaly Detection for Time Series Data with Generative Adversarial Networks,NR,2019,ICANN / arXiv,arXiv:1901.04997,https://arxiv.org/abs/1901.04997,NR,SWaT and WADI cyber-physical systems,SWaT and WADI cyber-physical systems,deep baseline,not_applicable_or_NR,NR,Uses LSTM GAN components and a combined discrimination/reconstruction score for multivariate sequences.,NR,NR,NR,NR,NR,NR,NR,NR,NR,GAN instability and cyberattack intervals differ from gradual turbofan degradation.,Historical sequence-GAN comparator; supports keeping deep scope bounded.,D,abstract_only,screening_only_no_numeric_use,False,61,docs/research/Turbofan_Literature_Evidence_Matrix_100_Sources_v3.xlsx,ae173e281fbcbccae7da91920980f4d208a908d2f1a6a6dcfb54af5ebdf05ac3,2026-09-01,Different anomaly semantics and datasets.
LIT-062,A Deep Neural Network for Unsupervised Anomaly Detection and Diagnosis in Multivariate Time Series Data,NR,2019,AAAI,https://ojs.aaai.org/index.php/AAAI/article/view/3942,https://ojs.aaai.org/index.php/AAAI/article/view/3942,https://ojs.aaai.org/index.php/AAAI/article/view/3942,Multivariate industrial time series,Multivariate industrial time series,deep baseline,not_applicable_or_NR,NR,MSCRED models multi-scale inter-sensor signature matrices with a convolutional recurrent encoder-decoder.,NR,NR,NR,NR,NR,NR,NR,NR,NR,Computationally heavier and evaluates benchmarks with different anomaly intervals.,"Supports sensor-correlation modeling and diagnosis as future, not immediate, extensions.",D,full_text_verified,verified_for_context_only_metrics_not_reextracted,False,62,docs/research/Turbofan_Literature_Evidence_Matrix_100_Sources_v3.xlsx,ae173e281fbcbccae7da91920980f4d208a908d2f1a6a6dcfb54af5ebdf05ac3,2026-09-01,Different input representation and labels.
LIT-063,Graph Neural Network-Based Anomaly Detection in Multivariate Time Series,NR,2021,AAAI,https://ojs.aaai.org/index.php/AAAI/article/view/16523,https://ojs.aaai.org/index.php/AAAI/article/view/16523,https://ojs.aaai.org/index.php/AAAI/article/view/16523,High-dimensional sensor time series,High-dimensional sensor time series,deep baseline,not_applicable_or_NR,NR,"GDN learns inter-sensor graph structure and predicts expected behavior, enabling anomaly scoring and variable-level interpretation.",NR,NR,NR,NR,NR,NR,NR,NR,NR,Learned graphs are not automatically causal and benchmark protocols differ.,Future comparator if inter-sensor dependency becomes a justified research question.,D,full_text_verified,verified_for_context_only_metrics_not_reextracted,False,63,docs/research/Turbofan_Literature_Evidence_Matrix_100_Sources_v3.xlsx,ae173e281fbcbccae7da91920980f4d208a908d2f1a6a6dcfb54af5ebdf05ac3,2026-09-01,Different datasets and evaluation conventions.
LIT-064,Timeseries Anomaly Detection using Temporal Hierarchical One-Class Network,NR,2020,NeurIPS,https://proceedings.neurips.cc/paper/2020/hash/97e401a02082021fd24957f852e0e475-Abstract.html,https://proceedings.neurips.cc/paper/2020/hash/97e401a02082021fd24957f852e0e475-Abstract.html,NR,General time-series anomaly benchmarks,General time-series anomaly benchmarks,deep baseline,one-class,NR,THOC combines multi-scale dilated recurrent features with hierarchical one-class objectives.,NR,NR,NR,NR,NR,NR,NR,NR,NR,High model complexity and no condition-aware FD002 validation.,Literature coverage for temporal one-class learning; optional comparator only.,D,abstract_only,screening_only_no_numeric_use,False,64,docs/research/Turbofan_Literature_Evidence_Matrix_100_Sources_v3.xlsx,ae173e281fbcbccae7da91920980f4d208a908d2f1a6a6dcfb54af5ebdf05ac3,2026-09-01,Different datasets and protocol.
LIT-065,Multivariate Time Series Anomaly Detection and Interpretation Using Hierarchical Inter-Metric and Temporal Embedding,NR,2021,ACM KDD,doi:10.1145/3447548.3467075,https://dl.acm.org/doi/10.1145/3447548.3467075,NR,Multivariate time-series benchmarks,Multivariate time-series benchmarks,deep baseline,not_applicable_or_NR,NR,InterFusion jointly models inter-metric and temporal dependencies with hierarchical stochastic latent variables.,NR,NR,NR,NR,NR,NR,NR,NR,NR,Model and interpretation complexity can obscure causal attribution and raise compute cost.,Optional modern baseline and evidence that fusion/interpretation require careful validation.,D,abstract_only,screening_only_no_numeric_use,False,65,docs/research/Turbofan_Literature_Evidence_Matrix_100_Sources_v3.xlsx,ae173e281fbcbccae7da91920980f4d208a908d2f1a6a6dcfb54af5ebdf05ac3,2026-09-01,Different datasets and thresholds.
LIT-066,Time Series Anomaly Detection Using Generative Adversarial Networks,NR,2020,IEEE Big Data,arXiv:2009.07769,https://arxiv.org/abs/2009.07769,https://arxiv.org/abs/2009.07769,Univariate time-series benchmarks,Univariate time-series benchmarks,deep baseline,not_applicable_or_NR,NR,"TadGAN uses LSTM generators/critics, cycle consistency, reconstruction, and discriminator signals.",NR,NR,NR,NR,NR,NR,NR,NR,NR,Primarily univariate and computationally more fragile than classical or AE controls.,Supports leaving GANs outside the minimum viable ablation study.,D,full_text_verified,verified_for_context_only_metrics_not_reextracted,False,66,docs/research/Turbofan_Literature_Evidence_Matrix_100_Sources_v3.xlsx,ae173e281fbcbccae7da91920980f4d208a908d2f1a6a6dcfb54af5ebdf05ac3,2026-09-01,Different modality and protocols.
LIT-067,Unsupervised Anomaly Detection via Variational Auto-Encoder for Seasonal KPIs in Web Applications,NR,2018,The Web Conference,doi:10.1145/3178876.3185996,https://dl.acm.org/doi/10.1145/3178876.3185996,NR,Seasonal web KPIs,Seasonal web KPIs,deep baseline,not_applicable_or_NR,NR,"Donut modifies VAE training and reconstruction for missing, seasonal, unlabeled KPI data.",NR,NR,NR,NR,NR,NR,NR,NR,NR,Univariate seasonal KPI assumptions do not match multivariate run-to-failure engines.,VAE and missing-data background; not a priority comparator.,D,abstract_only,screening_only_no_numeric_use,False,67,docs/research/Turbofan_Literature_Evidence_Matrix_100_Sources_v3.xlsx,ae173e281fbcbccae7da91920980f4d208a908d2f1a6a6dcfb54af5ebdf05ac3,2026-09-01,"Different task, labels, and data."
LIT-068,Deep Semi-Supervised Anomaly Detection,NR,2020,ICLR,https://openreview.net/forum?id=HkgH0TEYwH,https://openreview.net/forum?id=HkgH0TEYwH,https://openreview.net/forum?id=HkgH0TEYwH,General semi-supervised anomaly detection,General semi-supervised anomaly detection,deep baseline,one-class,NR,Deep SAD extends one-class representation learning to exploit small sets of labeled anomalies.,NR,NR,NR,NR,NR,NR,NR,NR,NR,FD002 has no trustworthy cycle-level anomaly labels for supervised fitting.,"Clarifies why proxy labels should evaluate, not train, the primary unsupervised detector.",D,full_text_verified,verified_for_context_only_metrics_not_reextracted,False,68,docs/research/Turbofan_Literature_Evidence_Matrix_100_Sources_v3.xlsx,ae173e281fbcbccae7da91920980f4d208a908d2f1a6a6dcfb54af5ebdf05ac3,2026-09-01,Requires labeled anomalies absent from FD002.
LIT-069,LUNAR: Unifying Local Outlier Detection Methods via Graph Neural Networks,NR,2022,AAAI,https://ojs.aaai.org/index.php/AAAI/article/view/20629,https://ojs.aaai.org/index.php/AAAI/article/view/20629,https://ojs.aaai.org/index.php/AAAI/article/view/20629,Tabular anomaly benchmarks,Tabular anomaly benchmarks,classical extension,not_applicable_or_NR,NR,"Frames KNN, LOF, and DBSCAN as message passing and learns a robust local-neighborhood anomaly ranker.",NR,NR,NR,NR,NR,NR,NR,NR,NR,Feature-based rather than sequential and requires trainable supervision signals constructed from neighborhoods.,Supports LOF as a serious control and a possible future learnable-local extension.,D,full_text_verified,verified_for_context_only_metrics_not_reextracted,False,69,docs/research/Turbofan_Literature_Evidence_Matrix_100_Sources_v3.xlsx,ae173e281fbcbccae7da91920980f4d208a908d2f1a6a6dcfb54af5ebdf05ac3,2026-09-01,Different representation and datasets.
LIT-070,Detecting Multivariate Time Series Anomalies with Zero Known Label,NR,2023,AAAI,https://ojs.aaai.org/index.php/AAAI/article/view/25623,https://ojs.aaai.org/index.php/AAAI/article/view/25623,https://ojs.aaai.org/index.php/AAAI/article/view/25623,Multivariate time-series benchmarks,Multivariate time-series benchmarks,deep baseline,not_applicable_or_NR,NR,MTGFlow uses a dynamic graph and entity-aware normalizing flow without assuming a perfectly clean nominal training set.,NR,NR,NR,NR,NR,NR,NR,NR,NR,Complexity is high and benchmark labels are unlike gradual FD002 onset proxies.,Evidence that contamination-robust training is possible; optional later comparator.,D,full_text_verified,verified_for_context_only_metrics_not_reextracted,False,70,docs/research/Turbofan_Literature_Evidence_Matrix_100_Sources_v3.xlsx,ae173e281fbcbccae7da91920980f4d208a908d2f1a6a6dcfb54af5ebdf05ac3,2026-09-01,Different datasets and anomaly semantics.
LIT-071,Time Series Anomaly Detection with Multiresolution Ensemble Decoding,NR,2021,AAAI,https://ojs.aaai.org/index.php/AAAI/article/view/17152,https://ojs.aaai.org/index.php/AAAI/article/view/17152,https://ojs.aaai.org/index.php/AAAI/article/view/17152,Time-series anomaly benchmarks,Time-series anomaly benchmarks,deep baseline,unsupervised or method-dependent; exact training supervision NR,NR,RAMED uses recurrent autoencoders with multiple decoder resolutions and coarse-to-fine fusion to reduce error accumulation.,NR,NR,NR,NR,NR,NR,NR,NR,NR,More complex than the registered LSTM-AE and not condition-aware.,Architecture alternative only if the simple LSTM-AE underperforms after a fair refit.,D,full_text_verified,verified_for_context_only_metrics_not_reextracted,False,71,docs/research/Turbofan_Literature_Evidence_Matrix_100_Sources_v3.xlsx,ae173e281fbcbccae7da91920980f4d208a908d2f1a6a6dcfb54af5ebdf05ac3,2026-09-01,Different datasets and protocol.
LIT-072,DCdetector: Dual Attention Contrastive Representation Learning for Time Series Anomaly Detection,NR,2023,ACM KDD,doi:10.1145/3580305.3599295,https://dl.acm.org/doi/10.1145/3580305.3599295,NR,Time-series anomaly benchmarks,Time-series anomaly benchmarks,deep baseline,not_applicable_or_NR,NR,Uses multi-scale dual attention and pure contrastive learning rather than reconstruction.,NR,NR,NR,NR,NR,NR,NR,NR,NR,Reported rankings can depend on evaluation conventions; model is not needed to answer the current causal preprocessing question.,"Modern non-reconstruction baseline for discussion, not immediate implementation.",D,abstract_only,screening_only_no_numeric_use,False,72,docs/research/Turbofan_Literature_Evidence_Matrix_100_Sources_v3.xlsx,ae173e281fbcbccae7da91920980f4d208a908d2f1a6a6dcfb54af5ebdf05ac3,2026-09-01,Different datasets and evaluation conventions.
LIT-073,TimeSeriesBench: An Industrial-Grade Benchmark for Time Series Anomaly Detection Models,NR,2024,arXiv / benchmark release,arXiv:2402.10802,https://arxiv.org/abs/2402.10802,https://arxiv.org/abs/2402.10802,Industrial-scale time-series anomaly evaluation,Industrial-scale time-series anomaly evaluation,evaluation,not_applicable_or_NR,NR,"Evaluates unified-model, unseen-series, and practical metric settings across more than 168 configurations.",NR,NR,NR,NR,NR,NR,NR,NR,NR,Software-system time series and preprint status; not a direct FD002 comparison.,"Supports unseen-engine evaluation, operational constraints, and resisting per-series overfitting.",D,full_text_verified,verified_for_context_only_metrics_not_reextracted,False,73,docs/research/Turbofan_Literature_Evidence_Matrix_100_Sources_v3.xlsx,ae173e281fbcbccae7da91920980f4d208a908d2f1a6a6dcfb54af5ebdf05ac3,2026-09-01,Different domains and evaluation units.
LIT-074,TSB-UAD: An End-to-End Benchmark Suite for Univariate Time-Series Anomaly Detection,NR,2022,PVLDB,doi:10.14778/3529337.3529354,https://dl.acm.org/doi/10.14778/3529337.3529354,NR,Large univariate TSAD benchmark suite,Large univariate TSAD benchmark suite,evaluation,not_applicable_or_NR,NR,Standardizes many datasets and methods in a reproducible end-to-end benchmark.,NR,NR,NR,NR,NR,NR,NR,NR,NR,Univariate benchmark; FD002 is multivariate and engine-grouped.,Benchmark-design precedent and evidence that reproducibility infrastructure is part of the contribution.,D,abstract_only,screening_only_no_numeric_use,False,74,docs/research/Turbofan_Literature_Evidence_Matrix_100_Sources_v3.xlsx,ae173e281fbcbccae7da91920980f4d208a908d2f1a6a6dcfb54af5ebdf05ac3,2026-09-01,Different benchmark scope.
LIT-075,TimeEval: A Benchmarking Toolkit for Time Series Anomaly Detection Algorithms,Phillip Wenig; Sebastian Schmidl; Thorsten Papenbrock,2022,PVLDB,doi:10.14778/3554821.3554873,https://timeeval.github.io/evaluation-paper/,NR,Reproducible TSAD experimentation,Reproducible TSAD experimentation,evaluation,not_applicable_or_NR,NR,"Provides an extensible automated framework for comparable detector, dataset, runtime, and metric experiments.",NR,NR,NR,NR,NR,NR,NR,NR,NR,A toolkit does not solve FD002 label ambiguity or define engine-level operational metrics.,"Motivates versioned configs, common interfaces, and repeatable experiment execution.",D,metadata_only,screening_only_no_numeric_use,False,75,docs/research/Turbofan_Literature_Evidence_Matrix_100_Sources_v3.xlsx,ae173e281fbcbccae7da91920980f4d208a908d2f1a6a6dcfb54af5ebdf05ac3,2026-09-01,Tooling paper.
LIT-076,Evaluating Real-time Anomaly Detection Algorithms: The Numenta Anomaly Benchmark,NR,2015,arXiv / NAB,arXiv:1510.03336,https://arxiv.org/abs/1510.03336,NR,Streaming univariate time series,Streaming univariate time series,evaluation,not_applicable_or_NR,NR,Defines time-sensitive anomaly windows and rewards early detection while penalizing false positives.,NR,NR,NR,NR,NR,NR,NR,NR,NR,Univariate streaming benchmark and application-weighted score are not directly transferable.,Supports explicit lead-time and false-alert trade-offs instead of F1 alone.,D,abstract_only,screening_only_no_numeric_use,False,76,docs/research/Turbofan_Literature_Evidence_Matrix_100_Sources_v3.xlsx,ae173e281fbcbccae7da91920980f4d208a908d2f1a6a6dcfb54af5ebdf05ac3,2026-09-01,Different scoring function and data.
LIT-077,Local Evaluation of Time Series Anomaly Detection Algorithms,NR,2022,ACM KDD,doi:10.1145/3534678.3539339,https://dl.acm.org/doi/10.1145/3534678.3539339,NR,Event/range anomaly evaluation,Event/range anomaly evaluation,evaluation,not_applicable_or_NR,NR,Introduces affiliation precision/recall using distances between predicted and true event sets with local interpretation.,NR,NR,NR,NR,NR,NR,NR,NR,NR,"Still requires meaningful labeled event ranges, which FD002 does not provide directly.",Candidate event-level sensitivity metric after proxy intervals are explicitly declared.,D,abstract_only,screening_only_no_numeric_use,False,77,docs/research/Turbofan_Literature_Evidence_Matrix_100_Sources_v3.xlsx,ae173e281fbcbccae7da91920980f4d208a908d2f1a6a6dcfb54af5ebdf05ac3,2026-09-01,Defines metrics rather than a comparable detector.
LIT-078,PATE: Proximity-Aware Time Series Anomaly Evaluation,NR,2024,ACM KDD,doi:10.1145/3637528.3671971,https://dl.acm.org/doi/10.1145/3637528.3671971,NR,Time-series anomaly intervals,Time-series anomaly intervals,evaluation,not_applicable_or_NR,NR,Weights early and delayed detections using buffer zones and provides proximity-aware area under precision-recall.,NR,NR,NR,NR,NR,NR,NR,NR,NR,Parameters and interval semantics must be fixed before seeing test results.,Optional temporal metric for onset sensitivity and early-warning analysis.,D,abstract_only,screening_only_no_numeric_use,False,78,docs/research/Turbofan_Literature_Evidence_Matrix_100_Sources_v3.xlsx,ae173e281fbcbccae7da91920980f4d208a908d2f1a6a6dcfb54af5ebdf05ac3,2026-09-01,Defines an evaluation measure.
LIT-079,Do You Know Existing Accuracy Metrics Overrate Time-Series Anomaly Detections?,NR,2022,ACM SAC,doi:10.1145/3477314.3507024,https://dl.acm.org/doi/10.1145/3477314.3507024,NR,Time-series anomaly metrics,Time-series anomaly metrics,evaluation,not_applicable_or_NR,NR,Shows common range and point-adjusted metrics can overrate imprecise detections; proposes enhanced temporal precision/recall.,NR,NR,NR,NR,NR,NR,NR,NR,NR,No metric removes the need to define the operational meaning of an event.,Reinforces the ban on point-adjusted headline F1 and need for multiple transparent metrics.,D,abstract_only,screening_only_no_numeric_use,False,79,docs/research/Turbofan_Literature_Evidence_Matrix_100_Sources_v3.xlsx,ae173e281fbcbccae7da91920980f4d208a908d2f1a6a6dcfb54af5ebdf05ac3,2026-09-01,Evaluation-method paper.
LIT-080,"Position: Quo Vadis, Unsupervised Time Series Anomaly Detection?",NR,2024,ICML position paper / arXiv,arXiv:2405.02678,https://arxiv.org/abs/2405.02678,https://arxiv.org/abs/2405.02678,Unsupervised TSAD research practice,Unsupervised TSAD research practice,evaluation,not_applicable_or_NR,NR,"Critiques flawed metrics, inconsistent benchmark practices, and weak justification for deep architectural complexity.",NR,NR,NR,NR,NR,NR,NR,NR,NR,"Position paper rather than a detector benchmark; conclusions should guide protocol, not replace evidence.","Supports simple strong controls, ablation-driven complexity, and claim restraint.",D,full_text_verified,verified_for_context_only_metrics_not_reextracted,False,80,docs/research/Turbofan_Literature_Evidence_Matrix_100_Sources_v3.xlsx,ae173e281fbcbccae7da91920980f4d208a908d2f1a6a6dcfb54af5ebdf05ac3,2026-09-01,Methodological critique.
LIT-081,Optimal Detection of Changepoints With a Linear Computational Cost,NR,2012,Journal of the American Statistical Association,https://www.tandfonline.com/doi/full/10.1080/01621459.2012.737745,https://www.tandfonline.com/doi/full/10.1080/01621459.2012.737745,NR,General offline change-point detection,General offline change-point detection,change-point/onset estimation,not_applicable_or_NR,NR,"Introduces PELT, an exact penalized segmentation algorithm with linear expected cost under stated conditions.",NR,NR,NR,NR,NR,NR,NR,NR,NR,"Offline segmentation gives an estimated statistical change, not physical degradation ground truth.",Transparent auxiliary onset-sensitivity baseline on engine-level score trajectories.,D,abstract_only,screening_only_no_numeric_use,False,81,docs/research/Turbofan_Literature_Evidence_Matrix_100_Sources_v3.xlsx,ae173e281fbcbccae7da91920980f4d208a908d2f1a6a6dcfb54af5ebdf05ac3,2026-09-01,Onset-estimation method.
LIT-082,Bayesian Online Changepoint Detection,NR,2007,arXiv,arXiv:0710.3742,https://arxiv.org/abs/0710.3742,NR,Sequential probabilistic change detection,Sequential probabilistic change detection,change-point/onset estimation,not_applicable_or_NR,NR,Maintains a posterior over run length to infer the most recent generative-parameter change online.,NR,NR,NR,NR,NR,NR,NR,NR,NR,Requires a predictive model and hazard prior; estimated change remains model-dependent.,"Future online onset comparator, not primary evaluation ground truth.",D,abstract_only,screening_only_no_numeric_use,False,82,docs/research/Turbofan_Literature_Evidence_Matrix_100_Sources_v3.xlsx,ae173e281fbcbccae7da91920980f4d208a908d2f1a6a6dcfb54af5ebdf05ac3,2026-09-01,Change-detection method.
LIT-083,Selective Review of Offline Change Point Detection Methods,NR,2020,Signal Processing,https://www.sciencedirect.com/science/article/pii/S0165168419303494,https://www.sciencedirect.com/science/article/pii/S0165168419303494,https://www.sciencedirect.com/science/article/pii/S0165168419303494,Multivariate offline change-point detection,Multivariate offline change-point detection,change-point/onset estimation,not_applicable_or_NR,NR,"Organizes methods by cost function, search, and constraint; links theory to the ruptures implementation.",NR,NR,NR,NR,NR,NR,NR,NR,NR,A broad review; method selection and calibration remain application-specific.,Decision guide for any auxiliary change-point onset analysis.,D,full_text_verified,verified_for_context_only_metrics_not_reextracted,False,83,docs/research/Turbofan_Literature_Evidence_Matrix_100_Sources_v3.xlsx,ae173e281fbcbccae7da91920980f4d208a908d2f1a6a6dcfb54af5ebdf05ac3,2026-09-01,Review paper.
LIT-084,Change-Point Detection in Time-Series Data by Relative Density-Ratio Estimation,NR,2013,Neural Networks,arXiv:1203.0453,https://arxiv.org/abs/1203.0453,NR,General time series,General time series,change-point/onset estimation,not_applicable_or_NR,NR,Estimates relative Pearson divergence directly between neighboring windows without separately estimating densities.,NR,NR,NR,NR,NR,NR,NR,NR,NR,Window and regularization choices affect onset; not a true FD002 label.,Nonparametric auxiliary onset method for sensitivity checks.,D,abstract_only,screening_only_no_numeric_use,False,84,docs/research/Turbofan_Literature_Evidence_Matrix_100_Sources_v3.xlsx,ae173e281fbcbccae7da91920980f4d208a908d2f1a6a6dcfb54af5ebdf05ac3,2026-09-01,Change-point method.
LIT-085,Kernel Change-Point Detection,NR,2012,arXiv / HAL,https://hal.science/hal-00671174v1/document,https://hal.science/hal-00671174v1/document,https://hal.science/hal-00671174v1/document,General multivariate sequences,General multivariate sequences,change-point/onset estimation,not_applicable_or_NR,NR,Uses kernel representations and model selection to find distributional changes beyond mean shifts.,NR,NR,NR,NR,NR,NR,NR,NR,NR,Computational and kernel-selection sensitivity; estimated changes are not physical labels.,Possible non-linear onset comparator after the primary fixed-proxy analysis.,D,full_text_verified,verified_for_context_only_metrics_not_reextracted,False,85,docs/research/Turbofan_Literature_Evidence_Matrix_100_Sources_v3.xlsx,ae173e281fbcbccae7da91920980f4d208a908d2f1a6a6dcfb54af5ebdf05ac3,2026-09-01,Change-point method.
LIT-086,Control Chart Tests Based on Geometric Moving Averages,NR,1959,Technometrics,doi:10.1080/00401706.1959.10489860,https://www.tandfonline.com/doi/abs/10.1080/00401706.1959.10489860,NR,Statistical process monitoring,Statistical process monitoring,dynamic threshold,not_applicable_or_NR,NR,Foundational exponentially/geometrically weighted moving-average monitoring for small process shifts.,NR,NR,NR,NR,NR,NR,NR,NR,NR,Classical assumptions do not automatically hold for autocorrelated learned anomaly scores.,"Foundational citation and motivation for EWMA ablation, not proof that EWMA improves FD002.",D,abstract_only,screening_only_no_numeric_use,False,86,docs/research/Turbofan_Literature_Evidence_Matrix_100_Sources_v3.xlsx,ae173e281fbcbccae7da91920980f4d208a908d2f1a6a6dcfb54af5ebdf05ac3,2026-09-01,Foundational method.
LIT-087,Continuous Inspection Schemes,NR,1954,Biometrika,https://academic.oup.com/biomet/article-abstract/41/1-2/100/456627,https://academic.oup.com/biomet/article-abstract/41/1-2/100/456627,NR,Sequential quality control,Sequential quality control,dynamic threshold,not_applicable_or_NR,NR,Introduces cumulative-sum inspection logic for persistent sequential shifts.,NR,NR,NR,NR,NR,NR,NR,NR,NR,CUSUM requires a declared in-control distribution and tuning for score dependence.,Comparator to persistence/EWMA if threshold study budget permits.,D,metadata_only,screening_only_no_numeric_use,False,87,docs/research/Turbofan_Literature_Evidence_Matrix_100_Sources_v3.xlsx,ae173e281fbcbccae7da91920980f4d208a908d2f1a6a6dcfb54af5ebdf05ac3,2026-09-01,Foundational method.
LIT-088,Learning from Time-Changing Data with Adaptive Windowing,NR,2007,SIAM International Conference on Data Mining,doi:10.1137/1.9781611972771.42,https://epubs.siam.org/doi/10.1137/1.9781611972771.42,NR,Streaming concept drift,Streaming concept drift,online drift,not_applicable_or_NR,NR,ADWIN adapts the window length from statistically detected changes rather than a fixed update horizon.,NR,NR,NR,NR,NR,NR,NR,NR,NR,Blind adaptation can still learn degradation; detector updates need a healthy-state gate.,Evidence for explicit drift logic if online recalibration is studied later.,D,abstract_only,screening_only_no_numeric_use,False,88,docs/research/Turbofan_Literature_Evidence_Matrix_100_Sources_v3.xlsx,ae173e281fbcbccae7da91920980f4d208a908d2f1a6a6dcfb54af5ebdf05ac3,2026-09-01,Drift method.
LIT-089,A Survey on Concept Drift Adaptation,NR,2014,ACM Computing Surveys,doi:10.1145/2523813,https://dl.acm.org/doi/10.1145/2523813,NR,Adaptive learning under drift,Adaptive learning under drift,online drift,not_applicable_or_NR,NR,"Taxonomizes drift detection, adaptation strategies, evaluation, and application settings.",NR,NR,NR,NR,NR,NR,NR,NR,NR,Concept drift is not identical to irreversible degradation and supervised framing often differs.,Frames safe adaptation as a separate research problem rather than default threshold updating.,D,abstract_only,screening_only_no_numeric_use,False,89,docs/research/Turbofan_Literature_Evidence_Matrix_100_Sources_v3.xlsx,ae173e281fbcbccae7da91920980f4d208a908d2f1a6a6dcfb54af5ebdf05ac3,2026-09-01,Review paper.
LIT-090,Why Should I Trust You?: Explaining the Predictions of Any Classifier,NR,2016,ACM KDD,doi:10.1145/2939672.2939778,https://dl.acm.org/doi/10.1145/2939672.2939778,NR,Model-agnostic local explanation,Model-agnostic local explanation,explainability,not_applicable_or_NR,NR,"Introduces LIME, fitting an interpretable local surrogate around an individual prediction.",NR,NR,NR,NR,NR,NR,NR,NR,NR,"Local surrogate fidelity and perturbation design are crucial, especially for correlated sequences.",Supports explicit fidelity checks and cautions against relabeling heuristics as explanations.,D,abstract_only,screening_only_no_numeric_use,False,90,docs/research/Turbofan_Literature_Evidence_Matrix_100_Sources_v3.xlsx,ae173e281fbcbccae7da91920980f4d208a908d2f1a6a6dcfb54af5ebdf05ac3,2026-09-01,Explanation method.
LIT-091,Axiomatic Attribution for Deep Networks,NR,2017,ICML / PMLR,https://proceedings.mlr.press/v70/sundararajan17a.html,https://proceedings.mlr.press/v70/sundararajan17a.html,https://proceedings.mlr.press/v70/sundararajan17a.html,Deep neural networks,Deep neural networks,explainability,not_applicable_or_NR,NR,Introduces Integrated Gradients using sensitivity and implementation-invariance axioms.,NR,NR,NR,NR,NR,NR,NR,NR,NR,"Attributions depend on the baseline and explain a scalar model output, not necessarily a causal fault.",Possible native attribution for the frozen differentiable anomaly score after reconstruction contributions.,D,full_text_verified,verified_for_context_only_metrics_not_reextracted,False,91,docs/research/Turbofan_Literature_Evidence_Matrix_100_Sources_v3.xlsx,ae173e281fbcbccae7da91920980f4d208a908d2f1a6a6dcfb54af5ebdf05ac3,2026-09-01,Explanation method.
LIT-092,Learning Important Features Through Propagating Activation Differences,NR,2017,ICML / PMLR,https://proceedings.mlr.press/v70/shrikumar17a.html,https://proceedings.mlr.press/v70/shrikumar17a.html,https://proceedings.mlr.press/v70/shrikumar17a.html,Deep neural networks,Deep neural networks,explainability,not_applicable_or_NR,NR,DeepLIFT decomposes output differences from a reference activation into feature contributions.,NR,NR,NR,NR,NR,NR,NR,NR,NR,Reference choice and network operation rules affect interpretation.,Secondary native-gradient-style explainer if a scalar score explanation is needed.,D,full_text_verified,verified_for_context_only_metrics_not_reextracted,False,92,docs/research/Turbofan_Literature_Evidence_Matrix_100_Sources_v3.xlsx,ae173e281fbcbccae7da91920980f4d208a908d2f1a6a6dcfb54af5ebdf05ac3,2026-09-01,Explanation method.
LIT-093,TimeSHAP: Explaining Recurrent Models through Sequence Perturbations,NR,2021,ACM KDD,doi:10.1145/3447548.3467166,https://dl.acm.org/doi/10.1145/3447548.3467166,https://dl.acm.org/doi/10.1145/3447548.3467166,Recurrent sequence models,Recurrent sequence models,explainability,not_applicable_or_NR,NR,"Extends KernelSHAP to feature-, event-, and cell-level attributions with sequence pruning.",NR,NR,NR,NR,NR,NR,NR,NR,NR,"Computational cost, perturbation realism, and correlated sensor-time inputs can weaken fidelity.","Most relevant optional SHAP-family method for an LSTM, after native contribution maps are validated.",D,full_text_verified,verified_for_context_only_metrics_not_reextracted,False,93,docs/research/Turbofan_Literature_Evidence_Matrix_100_Sources_v3.xlsx,ae173e281fbcbccae7da91920980f4d208a908d2f1a6a6dcfb54af5ebdf05ac3,2026-09-01,Explanation method.
LIT-094,Explaining Anomalies Detected by Autoencoders Using SHAP,NR,2021,Expert Systems with Applications,doi:10.1016/j.eswa.2021.115736,https://dl.acm.org/doi/10.1016/j.eswa.2021.115736,https://dl.acm.org/doi/10.1016/j.eswa.2021.115736,Autoencoder anomaly detection,Autoencoder anomaly detection,explainability,unsupervised or method-dependent; exact training supervision NR,NR,Uses KernelSHAP around an autoencoder anomaly score to show features increasing or offsetting anomalousness.,NR,NR,NR,NR,NR,NR,NR,NR,NR,Perturbations and surrogate fidelity must be validated; explanations are not root-cause proof.,Direct precedent for optional AE-SHAP after removing the current placeholder payload.,D,full_text_verified,verified_for_context_only_metrics_not_reextracted,False,94,docs/research/Turbofan_Literature_Evidence_Matrix_100_Sources_v3.xlsx,ae173e281fbcbccae7da91920980f4d208a908d2f1a6a6dcfb54af5ebdf05ac3,2026-09-01,Explanation method.
LIT-095,Feature Bagging for Outlier Detection,NR,2005,ACM KDD,doi:10.1145/1081870.1081891,https://dl.acm.org/doi/10.1145/1081870.1081891,NR,High-dimensional outlier detection,High-dimensional outlier detection,ensemble,not_applicable_or_NR,NR,Combines outlier detectors trained on random feature subsets to improve robustness in noisy high dimensions.,NR,NR,NR,NR,NR,NR,NR,NR,NR,Random sensor subsets may destroy important temporal/physical dependencies.,Historical ensemble precedent; supports ablation before assuming fusion helps.,D,abstract_only,screening_only_no_numeric_use,False,95,docs/research/Turbofan_Literature_Evidence_Matrix_100_Sources_v3.xlsx,ae173e281fbcbccae7da91920980f4d208a908d2f1a6a6dcfb54af5ebdf05ac3,2026-09-01,Different datasets and representations.
LIT-096,LSCP: Locally Selective Combination in Parallel Outlier Ensembles,NR,2019,SIAM International Conference on Data Mining,doi:10.1137/1.9781611975673.66,https://epubs.siam.org/doi/10.1137/1.9781611975673.66,https://epubs.siam.org/doi/10.1137/1.9781611975673.66,General unsupervised outlier detection,General unsupervised outlier detection,ensemble,not_applicable_or_NR,NR,Selects locally competent base outlier detectors before combining their scores.,NR,NR,NR,NR,NR,NR,NR,NR,NR,Competence estimation without ground truth adds complexity and possible overfitting.,"Evidence that fusion is a model-selection problem, not a free performance gain.",D,full_text_verified,verified_for_context_only_metrics_not_reextracted,False,96,docs/research/Turbofan_Literature_Evidence_Matrix_100_Sources_v3.xlsx,ae173e281fbcbccae7da91920980f4d208a908d2f1a6a6dcfb54af5ebdf05ac3,2026-09-01,Different data and selection protocol.
LIT-097,SUOD: Accelerating Large-Scale Unsupervised Heterogeneous Outlier Detection,NR,2021,MLSys,https://proceedings.mlsys.org/paper_files/paper/2021/file/37385144cac01dff38247ab11c119e3c-Paper.pdf,https://proceedings.mlsys.org/paper_files/paper/2021/file/37385144cac01dff38247ab11c119e3c-Paper.pdf,https://proceedings.mlsys.org/paper_files/paper/2021/file/37385144cac01dff38247ab11c119e3c-Paper.pdf,Large heterogeneous outlier ensembles,Large heterogeneous outlier ensembles,ensemble,not_applicable_or_NR,NR,"Accelerates many heterogeneous detectors using data reduction, model approximation, and balanced scheduling.",NR,NR,NR,NR,NR,NR,NR,NR,NR,An acceleration system does not establish that an ensemble improves scientific validity.,Scaling option only if many detector variants are later justified.,D,full_text_verified,verified_for_context_only_metrics_not_reextracted,False,97,docs/research/Turbofan_Literature_Evidence_Matrix_100_Sources_v3.xlsx,ae173e281fbcbccae7da91920980f4d208a908d2f1a6a6dcfb54af5ebdf05ac3,2026-09-01,Different goal and datasets.
LIT-098,Interpreting and Unifying Outlier Scores,NR,2011,SIAM International Conference on Data Mining,doi:10.1137/1.9781611972818.2,https://epubs.siam.org/doi/10.1137/1.9781611972818.2,https://epubs.siam.org/doi/10.1137/1.9781611972818.2,General outlier scoring,General outlier scoring,score calibration,not_applicable_or_NR,NR,Maps heterogeneous arbitrary outlier factors to a common interpretable range before comparison or combination.,NR,NR,NR,NR,NR,NR,NR,NR,NR,Probability-like normalization is model-based and not guaranteed to be calibrated probability.,Direct support for frozen training-fitted score calibration before any fusion.,D,full_text_verified,verified_for_context_only_metrics_not_reextracted,False,98,docs/research/Turbofan_Literature_Evidence_Matrix_100_Sources_v3.xlsx,ae173e281fbcbccae7da91920980f4d208a908d2f1a6a6dcfb54af5ebdf05ac3,2026-09-01,Score-transformation method.
LIT-099,Explainable Deep One-Class Classification,NR,2021,ICLR,https://openreview.net/forum?id=A5VV3UyIQz,https://openreview.net/forum?id=A5VV3UyIQz,https://openreview.net/forum?id=A5VV3UyIQz,Image anomaly detection,Image anomaly detection,explainability,one-class,NR,FCDD makes a fully convolutional one-class output map serve directly as an anomaly explanation map.,NR,NR,NR,NR,NR,NR,NR,NR,NR,Image-specific architecture; not directly applicable to 30-by-21 sensor sequences.,Evidence that explanation can be native to the detector rather than a mislabeled post-hoc heuristic.,D,full_text_verified,verified_for_context_only_metrics_not_reextracted,False,99,docs/research/Turbofan_Literature_Evidence_Matrix_100_Sources_v3.xlsx,ae173e281fbcbccae7da91920980f4d208a908d2f1a6a6dcfb54af5ebdf05ac3,2026-09-01,Different modality.
LIT-100,"On the Evaluation of Unsupervised Outlier Detection: Measures, Datasets, and an Empirical Study",NR,2016,Data Mining and Knowledge Discovery,doi:10.1007/s10618-015-0444-8,https://dl.acm.org/doi/10.1007/s10618-015-0444-8,NR,Unsupervised outlier detection benchmarks,Unsupervised outlier detection benchmarks,evaluation,not_applicable_or_NR,NR,"Studies evaluation measures, benchmark construction, contamination, and instability across many outlier detectors.",NR,NR,NR,NR,NR,NR,NR,NR,NR,Mostly tabular outlier settings; temporal grouping and early warning require additional metrics.,Supports careful benchmark construction and multiple strong classical controls.,D,abstract_only,screening_only_no_numeric_use,False,100,docs/research/Turbofan_Literature_Evidence_Matrix_100_Sources_v3.xlsx,ae173e281fbcbccae7da91920980f4d208a908d2f1a6a6dcfb54af5ebdf05ac3,2026-09-01,Different datasets and evaluation units.
