pipeline,detector,candidate_id,parameters,policy_id,policy_semantics,selection_policy,healthy_windows,ambiguous_windows,anomalous_windows,pr_auc,roc_auc,selection_mean_pr_auc,selection_mean_roc_auc
p0_global,isolation_forest,isolation_forest_candidate_1,"{""max_samples"": 256, ""n_estimators"": 300}",normalized_life_last_10pct_endpoint,endpoint,True,8253,0,1112,0.11584423827372439,0.5078595248119933,0.2334601597193774,0.5104060912819018
p0_global,isolation_forest,isolation_forest_candidate_1,"{""max_samples"": 256, ""n_estimators"": 300}",normalized_life_last_20pct_endpoint,endpoint,True,7170,0,2195,0.22885253577667924,0.5054928628841382,0.2334601597193774,0.5104060912819018
p0_global,isolation_forest,isolation_forest_candidate_1,"{""max_samples"": 256, ""n_estimators"": 300}",normalized_life_last_20pct_full_window,full_window,False,7170,1505,690,0.08505588100882615,0.5090859660825097,0.2334601597193774,0.5104060912819018
p0_global,isolation_forest,isolation_forest_candidate_1,"{""max_samples"": 256, ""n_estimators"": 300}",normalized_life_last_30pct_endpoint,endpoint,True,6075,0,3290,0.3556837051077285,0.5178658861495741,0.2334601597193774,0.5104060912819018
p0_global,isolation_forest,isolation_forest_candidate_1,"{""max_samples"": 256, ""n_estimators"": 300}",normalized_life_last_30pct_full_window,full_window,False,6075,1508,1782,0.22678815569994493,0.5201345415748708,0.2334601597193774,0.5104060912819018
p0_global,isolation_forest,isolation_forest_candidate_2,"{""max_samples"": 1024, ""n_estimators"": 300}",normalized_life_last_10pct_endpoint,endpoint,True,8253,0,1112,0.12488556303534384,0.5381121493208922,0.2422934641712897,0.5317989016613937
p0_global,isolation_forest,isolation_forest_candidate_2,"{""max_samples"": 1024, ""n_estimators"": 300}",normalized_life_last_20pct_endpoint,endpoint,True,7170,0,2195,0.2384070732156207,0.5255704450650172,0.2422934641712897,0.5317989016613937
p0_global,isolation_forest,isolation_forest_candidate_2,"{""max_samples"": 1024, ""n_estimators"": 300}",normalized_life_last_20pct_full_window,full_window,False,7170,1505,690,0.0917999676765934,0.5403055201827259,0.2422934641712897,0.5317989016613937
p0_global,isolation_forest,isolation_forest_candidate_2,"{""max_samples"": 1024, ""n_estimators"": 300}",normalized_life_last_30pct_endpoint,endpoint,True,6075,0,3290,0.3635877562629045,0.5317141105982714,0.2422934641712897,0.5317989016613937
p0_global,isolation_forest,isolation_forest_candidate_2,"{""max_samples"": 1024, ""n_estimators"": 300}",normalized_life_last_30pct_full_window,full_window,False,6075,1508,1782,0.23794492421685953,0.5436416750957217,0.2422934641712897,0.5317989016613937
p0_global,isolation_forest,isolation_forest_candidate_3,"{""max_samples"": 5000, ""n_estimators"": 300}",normalized_life_last_10pct_endpoint,endpoint,True,8253,0,1112,0.13536384633585957,0.5733677507285339,0.2545954469434417,0.5610994022012278
p0_global,isolation_forest,isolation_forest_candidate_3,"{""max_samples"": 5000, ""n_estimators"": 300}",normalized_life_last_20pct_endpoint,endpoint,True,7170,0,2195,0.2520971026593049,0.5547766414731083,0.2545954469434417,0.5610994022012278
p0_global,isolation_forest,isolation_forest_candidate_3,"{""max_samples"": 5000, ""n_estimators"": 300}",normalized_life_last_20pct_full_window,full_window,False,7170,1505,690,0.1018237794847554,0.5842790006670305,0.2545954469434417,0.5610994022012278
p0_global,isolation_forest,isolation_forest_candidate_3,"{""max_samples"": 5000, ""n_estimators"": 300}",normalized_life_last_30pct_endpoint,endpoint,True,6075,0,3290,0.37632539183516067,0.5551538144020414,0.2545954469434417,0.5610994022012278
p0_global,isolation_forest,isolation_forest_candidate_3,"{""max_samples"": 5000, ""n_estimators"": 300}",normalized_life_last_30pct_full_window,full_window,False,6075,1508,1782,0.25443897478235344,0.5772132389279165,0.2545954469434417,0.5610994022012278
p0_global,lof,lof_candidate_1,"{""n_neighbors"": 20}",normalized_life_last_10pct_endpoint,endpoint,True,8253,0,1112,0.4428291894358779,0.8551246788828479,0.4953102157427109,0.772648251464115
p0_global,lof,lof_candidate_1,"{""n_neighbors"": 20}",normalized_life_last_20pct_endpoint,endpoint,True,7170,0,2195,0.4910844843325949,0.7578241407026874,0.4953102157427109,0.772648251464115
p0_global,lof,lof_candidate_1,"{""n_neighbors"": 20}",normalized_life_last_20pct_full_window,full_window,False,7170,1505,690,0.4743422421579523,0.9044741576213288,0.4953102157427109,0.772648251464115
p0_global,lof,lof_candidate_1,"{""n_neighbors"": 20}",normalized_life_last_30pct_endpoint,endpoint,True,6075,0,3290,0.5520169734596598,0.7049959348068094,0.4953102157427109,0.772648251464115
p0_global,lof,lof_candidate_1,"{""n_neighbors"": 20}",normalized_life_last_30pct_full_window,full_window,False,6075,1508,1782,0.5334457295166661,0.8051247269217091,0.4953102157427109,0.772648251464115
p0_global,lof,lof_candidate_2,"{""n_neighbors"": 35}",normalized_life_last_10pct_endpoint,endpoint,True,8253,0,1112,0.36875374206386724,0.8184117918315293,0.4396309957706852,0.7404689975095328
p0_global,lof,lof_candidate_2,"{""n_neighbors"": 35}",normalized_life_last_20pct_endpoint,endpoint,True,7170,0,2195,0.4364360130173648,0.7242219384108044,0.4396309957706852,0.7404689975095328
p0_global,lof,lof_candidate_2,"{""n_neighbors"": 35}",normalized_life_last_20pct_full_window,full_window,False,7170,1505,690,0.3801325688725877,0.8720912416873849,0.4396309957706852,0.7404689975095328
p0_global,lof,lof_candidate_2,"{""n_neighbors"": 35}",normalized_life_last_30pct_endpoint,endpoint,True,6075,0,3290,0.5137032322308237,0.6787732622862647,0.4396309957706852,0.7404689975095328
p0_global,lof,lof_candidate_2,"{""n_neighbors"": 35}",normalized_life_last_30pct_full_window,full_window,False,6075,1508,1782,0.4723340451096355,0.771131756522703,0.4396309957706852,0.7404689975095328
p0_global,lof,lof_candidate_3,"{""n_neighbors"": 50}",normalized_life_last_10pct_endpoint,endpoint,True,8253,0,1112,0.3214140825748844,0.7893716106722037,0.4044354964642875,0.7168755272467099
p0_global,lof,lof_candidate_3,"{""n_neighbors"": 50}",normalized_life_last_20pct_endpoint,endpoint,True,7170,0,2195,0.4020274595706874,0.7002027239542132,0.4044354964642875,0.7168755272467099
p0_global,lof,lof_candidate_3,"{""n_neighbors"": 50}",normalized_life_last_20pct_full_window,full_window,False,7170,1505,690,0.3211024126170458,0.8441258868473713,0.4044354964642875,0.7168755272467099
p0_global,lof,lof_candidate_3,"{""n_neighbors"": 50}",normalized_life_last_30pct_endpoint,endpoint,True,6075,0,3290,0.48986494724729057,0.6610522471137128,0.4044354964642875,0.7168755272467099
p0_global,lof,lof_candidate_3,"{""n_neighbors"": 50}",normalized_life_last_30pct_full_window,full_window,False,6075,1508,1782,0.43390290915096735,0.7460291067972824,0.4044354964642875,0.7168755272467099
p0_global,one_class_svm,one_class_svm_candidate_1,"{""gamma"": ""scale"", ""nu"": 0.01}",normalized_life_last_10pct_endpoint,endpoint,True,8253,0,1112,0.2511176500919631,0.751800794914777,0.34887663817174835,0.6864451097509381
p0_global,one_class_svm,one_class_svm_candidate_1,"{""gamma"": ""scale"", ""nu"": 0.01}",normalized_life_last_20pct_endpoint,endpoint,True,7170,0,2195,0.3480006969144756,0.6723780431626335,0.34887663817174835,0.6864451097509381
p0_global,one_class_svm,one_class_svm_candidate_1,"{""gamma"": ""scale"", ""nu"": 0.01}",normalized_life_last_20pct_full_window,full_window,False,7170,1505,690,0.23406680802912594,0.7997633052372001,0.34887663817174835,0.6864451097509381
p0_global,one_class_svm,one_class_svm_candidate_1,"{""gamma"": ""scale"", ""nu"": 0.01}",normalized_life_last_30pct_endpoint,endpoint,True,6075,0,3290,0.4475115675088065,0.6351564911754036,0.34887663817174835,0.6864451097509381
p0_global,one_class_svm,one_class_svm_candidate_1,"{""gamma"": ""scale"", ""nu"": 0.01}",normalized_life_last_30pct_full_window,full_window,False,6075,1508,1782,0.3667593161057771,0.7087250650076439,0.34887663817174835,0.6864451097509381
p0_global,one_class_svm,one_class_svm_candidate_2,"{""gamma"": ""scale"", ""nu"": 0.05}",normalized_life_last_10pct_endpoint,endpoint,True,8253,0,1112,0.207947857259254,0.7084149474313679,0.31547199513704943,0.6560349513765461
p0_global,one_class_svm,one_class_svm_candidate_2,"{""gamma"": ""scale"", ""nu"": 0.05}",normalized_life_last_20pct_endpoint,endpoint,True,7170,0,2195,0.3148238890241802,0.6441217678062542,0.31547199513704943,0.6560349513765461
p0_global,one_class_svm,one_class_svm_candidate_2,"{""gamma"": ""scale"", ""nu"": 0.05}",normalized_life_last_20pct_full_window,full_window,False,7170,1505,690,0.1806506695377035,0.7506835041335678,0.31547199513704943,0.6560349513765461
p0_global,one_class_svm,one_class_svm_candidate_2,"{""gamma"": ""scale"", ""nu"": 0.05}",normalized_life_last_30pct_endpoint,endpoint,True,6075,0,3290,0.4236442391277142,0.615568138892016,0.31547199513704943,0.6560349513765461
p0_global,one_class_svm,one_class_svm_candidate_2,"{""gamma"": ""scale"", ""nu"": 0.05}",normalized_life_last_30pct_full_window,full_window,False,6075,1508,1782,0.32875464560707024,0.6771938405546087,0.31547199513704943,0.6560349513765461
p0_global,one_class_svm,one_class_svm_candidate_3,"{""gamma"": ""scale"", ""nu"": 0.1}",normalized_life_last_10pct_endpoint,endpoint,True,8253,0,1112,0.18841032417244075,0.6822121365067161,0.30029259752787624,0.6379131942617468
p0_global,one_class_svm,one_class_svm_candidate_3,"{""gamma"": ""scale"", ""nu"": 0.1}",normalized_life_last_20pct_endpoint,endpoint,True,7170,0,2195,0.2990655652299462,0.6267353214958556,0.30029259752787624,0.6379131942617468
p0_global,one_class_svm,one_class_svm_candidate_3,"{""gamma"": ""scale"", ""nu"": 0.1}",normalized_life_last_20pct_full_window,full_window,False,7170,1505,690,0.15805714767896395,0.7200998524447678,0.30029259752787624,0.6379131942617468
p0_global,one_class_svm,one_class_svm_candidate_3,"{""gamma"": ""scale"", ""nu"": 0.1}",normalized_life_last_30pct_endpoint,endpoint,True,6075,0,3290,0.4134019031812417,0.6047921247826685,0.30029259752787624,0.6379131942617468
p0_global,one_class_svm,one_class_svm_candidate_3,"{""gamma"": ""scale"", ""nu"": 0.1}",normalized_life_last_30pct_full_window,full_window,False,6075,1508,1782,0.31175555517997106,0.6597072693094641,0.30029259752787624,0.6379131942617468
p0_global,pca,pca_candidate_1,"{""n_components"": 0.9}",normalized_life_last_10pct_endpoint,endpoint,True,8253,0,1112,0.3187697722411552,0.797674564819246,0.4063244176027059,0.7311883738597221
p0_global,pca,pca_candidate_1,"{""n_components"": 0.9}",normalized_life_last_20pct_endpoint,endpoint,True,7170,0,2195,0.40626559514606586,0.7242108189336104,0.4063244176027059,0.7311883738597221
p0_global,pca,pca_candidate_1,"{""n_components"": 0.9}",normalized_life_last_20pct_full_window,full_window,False,7170,1505,690,0.3144221719890355,0.84535019101328,0.4063244176027059,0.7311883738597221
p0_global,pca,pca_candidate_1,"{""n_components"": 0.9}",normalized_life_last_30pct_endpoint,endpoint,True,6075,0,3290,0.49393788542089645,0.6716797378263099,0.4063244176027059,0.7311883738597221
p0_global,pca,pca_candidate_1,"{""n_components"": 0.9}",normalized_life_last_30pct_full_window,full_window,False,6075,1508,1782,0.43610734097115944,0.7616247061377377,0.4063244176027059,0.7311883738597221
p0_global,pca,pca_candidate_2,"{""n_components"": 0.95}",normalized_life_last_10pct_endpoint,endpoint,True,8253,0,1112,0.5743907417722505,0.9232144818496348,0.6105321246290681,0.8526208596239865
p0_global,pca,pca_candidate_2,"{""n_components"": 0.95}",normalized_life_last_20pct_endpoint,endpoint,True,7170,0,2195,0.6128873888450597,0.8540640100647153,0.6105321246290681,0.8526208596239865
p0_global,pca,pca_candidate_2,"{""n_components"": 0.95}",normalized_life_last_20pct_full_window,full_window,False,7170,1505,690,0.6168499238119345,0.9596676975319871,0.6105321246290681,0.8526208596239865
p0_global,pca,pca_candidate_2,"{""n_components"": 0.95}",normalized_life_last_30pct_endpoint,endpoint,True,6075,0,3290,0.6443182432698944,0.7805840869576094,0.6105321246290681,0.8526208596239865
p0_global,pca,pca_candidate_2,"{""n_components"": 0.95}",normalized_life_last_30pct_full_window,full_window,False,6075,1508,1782,0.6701494967552256,0.8960996337402373,0.6105321246290681,0.8526208596239865
p0_global,pca,pca_candidate_3,"{""n_components"": 0.99}",normalized_life_last_10pct_endpoint,endpoint,True,8253,0,1112,0.646011664082964,0.9523857468005966,0.7217192761097109,0.9294763290128648
p0_global,pca,pca_candidate_3,"{""n_components"": 0.99}",normalized_life_last_20pct_endpoint,endpoint,True,7170,0,2195,0.7430484786927817,0.933502031687333,0.7217192761097109,0.9294763290128648
p0_global,pca,pca_candidate_3,"{""n_components"": 0.99}",normalized_life_last_20pct_full_window,full_window,False,7170,1505,690,0.6983708418568798,0.9791927920279748,0.7217192761097109,0.9294763290128648
p0_global,pca,pca_candidate_3,"{""n_components"": 0.99}",normalized_life_last_30pct_endpoint,endpoint,True,6075,0,3290,0.7760976855533871,0.9025412085506649,0.7217192761097109,0.9294763290128648
p0_global,pca,pca_candidate_3,"{""n_components"": 0.99}",normalized_life_last_30pct_full_window,full_window,False,6075,1508,1782,0.7878106972563732,0.9598331739895526,0.7217192761097109,0.9294763290128648
p1_k6,isolation_forest,isolation_forest_candidate_1,"{""max_samples"": 256, ""n_estimators"": 300}",normalized_life_last_10pct_endpoint,endpoint,True,8253,0,1112,0.5710742620502286,0.9491580672212503,0.7891693415246449,0.9559210354459168
p1_k6,isolation_forest,isolation_forest_candidate_1,"{""max_samples"": 256, ""n_estimators"": 300}",normalized_life_last_20pct_endpoint,endpoint,True,7170,0,2195,0.8773002059964948,0.9718121888532006,0.7891693415246449,0.9559210354459168
p1_k6,isolation_forest,isolation_forest_candidate_1,"{""max_samples"": 256, ""n_estimators"": 300}",normalized_life_last_20pct_full_window,full_window,False,7170,1505,690,0.7925670728023321,0.987347239908637,0.7891693415246449,0.9559210354459168
p1_k6,isolation_forest,isolation_forest_candidate_1,"{""max_samples"": 256, ""n_estimators"": 300}",normalized_life_last_30pct_endpoint,endpoint,True,6075,0,3290,0.9191335565272112,0.9467928502632994,0.7891693415246449,0.9559210354459168
p1_k6,isolation_forest,isolation_forest_candidate_1,"{""max_samples"": 256, ""n_estimators"": 300}",normalized_life_last_30pct_full_window,full_window,False,6075,1508,1782,0.9743906903022576,0.9947168992162133,0.7891693415246449,0.9559210354459168
p1_k6,isolation_forest,isolation_forest_candidate_2,"{""max_samples"": 1024, ""n_estimators"": 300}",normalized_life_last_10pct_endpoint,endpoint,True,8253,0,1112,0.49046636397582893,0.9299931374420638,0.7528243342454557,0.9496431587245521
p1_k6,isolation_forest,isolation_forest_candidate_2,"{""max_samples"": 1024, ""n_estimators"": 300}",normalized_life_last_20pct_endpoint,endpoint,True,7170,0,2195,0.845038631478733,0.9671760975718239,0.7528243342454557,0.9496431587245521
p1_k6,isolation_forest,isolation_forest_candidate_2,"{""max_samples"": 1024, ""n_estimators"": 300}",normalized_life_last_20pct_full_window,full_window,False,7170,1505,690,0.687528282898584,0.9781303943565176,0.7528243342454557,0.9496431587245521
p1_k6,isolation_forest,isolation_forest_candidate_2,"{""max_samples"": 1024, ""n_estimators"": 300}",normalized_life_last_30pct_endpoint,endpoint,True,6075,0,3290,0.9229680072818052,0.9517602411597683,0.7528243342454557,0.9496431587245521
p1_k6,isolation_forest,isolation_forest_candidate_2,"{""max_samples"": 1024, ""n_estimators"": 300}",normalized_life_last_30pct_full_window,full_window,False,6075,1508,1782,0.9654061568906731,0.993929648566137,0.7528243342454557,0.9496431587245521
p1_k6,isolation_forest,isolation_forest_candidate_3,"{""max_samples"": 5000, ""n_estimators"": 300}",normalized_life_last_10pct_endpoint,endpoint,True,8253,0,1112,0.4440185776859024,0.9156421863599632,0.7188238488854893,0.9411912604638513
p1_k6,isolation_forest,isolation_forest_candidate_3,"{""max_samples"": 5000, ""n_estimators"": 300}",normalized_life_last_20pct_endpoint,endpoint,True,7170,0,2195,0.8028769604182333,0.9588551068581759,0.7188238488854893,0.9411912604638513
p1_k6,isolation_forest,isolation_forest_candidate_3,"{""max_samples"": 5000, ""n_estimators"": 300}",normalized_life_last_20pct_full_window,full_window,False,7170,1505,690,0.5958549222797928,0.9673640167364017,0.7188238488854893,0.9411912604638513
p1_k6,isolation_forest,isolation_forest_candidate_3,"{""max_samples"": 5000, ""n_estimators"": 300}",normalized_life_last_30pct_endpoint,endpoint,True,6075,0,3290,0.9095760085523321,0.949076488173415,0.7188238488854893,0.9411912604638513
p1_k6,isolation_forest,isolation_forest_candidate_3,"{""max_samples"": 5000, ""n_estimators"": 300}",normalized_life_last_30pct_full_window,full_window,False,6075,1508,1782,0.9373314461381148,0.9896608979599377,0.7188238488854893,0.9411912604638513
p1_k6,lof,lof_candidate_1,"{""n_neighbors"": 20}",normalized_life_last_10pct_endpoint,endpoint,True,8253,0,1112,0.7069191899503049,0.9665940638982816,0.8496951348722845,0.9643631320006215
p1_k6,lof,lof_candidate_1,"{""n_neighbors"": 20}",normalized_life_last_20pct_endpoint,endpoint,True,7170,0,2195,0.9070184023635939,0.9723926891025947,0.8496951348722845,0.9643631320006215
p1_k6,lof,lof_candidate_1,"{""n_neighbors"": 20}",normalized_life_last_20pct_full_window,full_window,False,7170,1505,690,0.9222916312868922,0.9951365391223496,0.8496951348722845,0.9643631320006215
p1_k6,lof,lof_candidate_1,"{""n_neighbors"": 20}",normalized_life_last_30pct_endpoint,endpoint,True,6075,0,3290,0.9351478123029549,0.9541026430009882,0.8496951348722845,0.9643631320006215
p1_k6,lof,lof_candidate_1,"{""n_neighbors"": 20}",normalized_life_last_30pct_full_window,full_window,False,6075,1508,1782,0.9828529126186503,0.99408054019851,0.8496951348722845,0.9643631320006215
p1_k6,lof,lof_candidate_2,"{""n_neighbors"": 35}",normalized_life_last_10pct_endpoint,endpoint,True,8253,0,1112,0.7095811618721906,0.9662803018217923,0.8378030557652613,0.9612069294908049
p1_k6,lof,lof_candidate_2,"{""n_neighbors"": 35}",normalized_life_last_20pct_endpoint,endpoint,True,7170,0,2195,0.8862451158861933,0.9679135412993269,0.8378030557652613,0.9612069294908049
p1_k6,lof,lof_candidate_2,"{""n_neighbors"": 35}",normalized_life_last_20pct_full_window,full_window,False,7170,1505,690,0.9088823653344829,0.9943217512582622,0.8378030557652613,0.9612069294908049
p1_k6,lof,lof_candidate_2,"{""n_neighbors"": 35}",normalized_life_last_30pct_endpoint,endpoint,True,6075,0,3290,0.9175828895373996,0.9494269453512952,0.8378030557652613,0.9612069294908049
p1_k6,lof,lof_candidate_2,"{""n_neighbors"": 35}",normalized_life_last_30pct_full_window,full_window,False,6075,1508,1782,0.9639674399945253,0.9905497591368648,0.8378030557652613,0.9612069294908049
p1_k6,lof,lof_candidate_3,"{""n_neighbors"": 50}",normalized_life_last_10pct_endpoint,endpoint,True,8253,0,1112,0.7188468177428264,0.9672298148395134,0.8471410712605875,0.9626337791850684
p1_k6,lof,lof_candidate_3,"{""n_neighbors"": 50}",normalized_life_last_20pct_endpoint,endpoint,True,7170,0,2195,0.8979223935103731,0.9698549067075863,0.8471410712605875,0.9626337791850684
p1_k6,lof,lof_candidate_3,"{""n_neighbors"": 50}",normalized_life_last_20pct_full_window,full_window,False,7170,1505,690,0.9234535988099475,0.9952677217876418,0.8471410712605875,0.9626337791850684
p1_k6,lof,lof_candidate_3,"{""n_neighbors"": 50}",normalized_life_last_30pct_endpoint,endpoint,True,6075,0,3290,0.9246540025285631,0.9508166160081053,0.8471410712605875,0.9626337791850684
p1_k6,lof,lof_candidate_3,"{""n_neighbors"": 50}",normalized_life_last_30pct_full_window,full_window,False,6075,1508,1782,0.9687927785402449,0.9910620609386042,0.8471410712605875,0.9626337791850684
p1_k6,one_class_svm,one_class_svm_candidate_1,"{""gamma"": ""scale"", ""nu"": 0.01}",normalized_life_last_10pct_endpoint,endpoint,True,8253,0,1112,0.35882542755727653,0.879619532291288,0.6352188949599743,0.9160832418214309
p1_k6,one_class_svm,one_class_svm_candidate_1,"{""gamma"": ""scale"", ""nu"": 0.01}",normalized_life_last_20pct_endpoint,endpoint,True,7170,0,2195,0.6838828957540873,0.927596858588843,0.6352188949599743,0.9160832418214309
p1_k6,one_class_svm,one_class_svm_candidate_1,"{""gamma"": ""scale"", ""nu"": 0.01}",normalized_life_last_20pct_full_window,full_window,False,7170,1505,690,0.4164152082076041,0.9325662482566248,0.6352188949599743,0.9160832418214309
p1_k6,one_class_svm,one_class_svm_candidate_1,"{""gamma"": ""scale"", ""nu"": 0.01}",normalized_life_last_30pct_endpoint,endpoint,True,6075,0,3290,0.8629483615685593,0.9410333345841619,0.6352188949599743,0.9160832418214309
p1_k6,one_class_svm,one_class_svm_candidate_1,"{""gamma"": ""scale"", ""nu"": 0.01}",normalized_life_last_30pct_full_window,full_window,False,6075,1508,1782,0.8384898345447754,0.9711283849006758,0.6352188949599743,0.9160832418214309
p1_k6,one_class_svm,one_class_svm_candidate_2,"{""gamma"": ""scale"", ""nu"": 0.05}",normalized_life_last_10pct_endpoint,endpoint,True,8253,0,1112,0.6017947290249777,0.9543969513593051,0.8116872235581801,0.962271549783885
p1_k6,one_class_svm,one_class_svm_candidate_2,"{""gamma"": ""scale"", ""nu"": 0.05}",normalized_life_last_20pct_endpoint,endpoint,True,7170,0,2195,0.8977265151365204,0.974660458821399,0.8116872235581801,0.962271549783885
p1_k6,one_class_svm,one_class_svm_candidate_2,"{""gamma"": ""scale"", ""nu"": 0.05}",normalized_life_last_20pct_full_window,full_window,False,7170,1505,690,0.8561627002327684,0.9918477755543428,0.8116872235581801,0.962271549783885
p1_k6,one_class_svm,one_class_svm_candidate_2,"{""gamma"": ""scale"", ""nu"": 0.05}",normalized_life_last_30pct_endpoint,endpoint,True,6075,0,3290,0.9355404265130426,0.9577572391709507,0.8116872235581801,0.962271549783885
p1_k6,one_class_svm,one_class_svm_candidate_2,"{""gamma"": ""scale"", ""nu"": 0.05}",normalized_life_last_30pct_full_window,full_window,False,6075,1508,1782,0.9804949455449944,0.9953407878510759,0.8116872235581801,0.962271549783885
p1_k6,one_class_svm,one_class_svm_candidate_3,"{""gamma"": ""scale"", ""nu"": 0.1}",normalized_life_last_10pct_endpoint,endpoint,True,8253,0,1112,0.6502568946346309,0.961839034770003,0.8328076731468985,0.9643711100022
p1_k6,one_class_svm,one_class_svm_candidate_3,"{""gamma"": ""scale"", ""nu"": 0.1}",normalized_life_last_20pct_endpoint,endpoint,True,7170,0,2195,0.915018491828626,0.9760951890787672,0.8328076731468985,0.9643711100022
p1_k6,one_class_svm,one_class_svm_candidate_3,"{""gamma"": ""scale"", ""nu"": 0.1}",normalized_life_last_20pct_full_window,full_window,False,7170,1505,690,0.919951977445153,0.995603763669072,0.8328076731468985,0.9643711100022
p1_k6,one_class_svm,one_class_svm_candidate_3,"{""gamma"": ""scale"", ""nu"": 0.1}",normalized_life_last_30pct_endpoint,endpoint,True,6075,0,3290,0.9331476329774385,0.9551791061578296,0.8328076731468985,0.9643711100022
p1_k6,one_class_svm,one_class_svm_candidate_3,"{""gamma"": ""scale"", ""nu"": 0.1}",normalized_life_last_30pct_full_window,full_window,False,6075,1508,1782,0.9806279866253147,0.9949623348251606,0.8328076731468985,0.9643711100022
p1_k6,pca,pca_candidate_1,"{""n_components"": 0.9}",normalized_life_last_10pct_endpoint,endpoint,True,8253,0,1112,0.621152906982635,0.9541733025793105,0.7724072946895637,0.9250344981872701
p1_k6,pca,pca_candidate_1,"{""n_components"": 0.9}",normalized_life_last_20pct_endpoint,endpoint,True,7170,0,2195,0.8430211148402714,0.939279648497441,0.7724072946895637,0.9250344981872701
p1_k6,pca,pca_candidate_1,"{""n_components"": 0.9}",normalized_life_last_20pct_full_window,full_window,False,7170,1505,690,0.8285249959421571,0.9892013825723122,0.7724072946895637,0.9250344981872701
p1_k6,pca,pca_candidate_1,"{""n_components"": 0.9}",normalized_life_last_30pct_endpoint,endpoint,True,6075,0,3290,0.8530478622457849,0.8816505434850589,0.7724072946895637,0.9250344981872701
p1_k6,pca,pca_candidate_1,"{""n_components"": 0.9}",normalized_life_last_30pct_full_window,full_window,False,6075,1508,1782,0.9297921134531624,0.9714921044001977,0.7724072946895637,0.9250344981872701
p1_k6,pca,pca_candidate_2,"{""n_components"": 0.95}",normalized_life_last_10pct_endpoint,endpoint,True,8253,0,1112,0.5501413828361955,0.9347800930466096,0.6941707106504094,0.8935737617533017
p1_k6,pca,pca_candidate_2,"{""n_components"": 0.95}",normalized_life_last_20pct_endpoint,endpoint,True,7170,0,2195,0.7530567338812121,0.9090885523393791,0.6941707106504094,0.8935737617533017
p1_k6,pca,pca_candidate_2,"{""n_components"": 0.95}",normalized_life_last_20pct_full_window,full_window,False,7170,1505,690,0.6852878854657636,0.9753421057950802,0.6941707106504094,0.8935737617533017
p1_k6,pca,pca_candidate_2,"{""n_components"": 0.95}",normalized_life_last_30pct_endpoint,endpoint,True,6075,0,3290,0.7793140152338205,0.8368526398739164,0.6941707106504094,0.8935737617533017
p1_k6,pca,pca_candidate_2,"{""n_components"": 0.95}",normalized_life_last_30pct_full_window,full_window,False,6075,1508,1782,0.837742536443594,0.9428026030769515,0.6941707106504094,0.8935737617533017
p1_k6,pca,pca_candidate_3,"{""n_components"": 0.99}",normalized_life_last_10pct_endpoint,endpoint,True,8253,0,1112,0.672190780314629,0.9564470560955816,0.7493943256799337,0.8991347487905381
p1_k6,pca,pca_candidate_3,"{""n_components"": 0.99}",normalized_life_last_20pct_endpoint,endpoint,True,7170,0,2195,0.7951557873492969,0.9110881520382003,0.7493943256799337,0.8991347487905381
p1_k6,pca,pca_candidate_3,"{""n_components"": 0.99}",normalized_life_last_20pct_full_window,full_window,False,7170,1505,690,0.8401245826768297,0.9890975885836719,0.7493943256799337,0.8991347487905381
p1_k6,pca,pca_candidate_3,"{""n_components"": 0.99}",normalized_life_last_30pct_endpoint,endpoint,True,6075,0,3290,0.7808364093758751,0.8298690382378324,0.7493943256799337,0.8991347487905381
p1_k6,pca,pca_candidate_3,"{""n_components"": 0.99}",normalized_life_last_30pct_full_window,full_window,False,6075,1508,1782,0.8716227189592448,0.9469726990988993,0.7493943256799337,0.8991347487905381
