run_id,stage,pipeline,architecture_id,seed,parameter_count,epochs_completed,best_epoch,best_monitor_loss,selection_mean_pr_auc,selection_mean_roc_auc,artifact_path,policy_id,policy_semantics,selection_policy,healthy_windows,ambiguous_windows,anomalous_windows,pr_auc,roc_auc
fd002_lstm_v1_stage1_p1_k6_balanced_64x16_l1_seed42,stage1,p1_k6,balanced_64x16_l1,42,59045,50,49,0.4798951275874983,0.8120895167316919,0.951933805014903,models\lstm_v2\fd002_lstm_v1_stage1_p1_k6_balanced_64x16_l1_seed42.pt,normalized_life_last_10pct_endpoint,endpoint,True,8253,0,1112,0.6417025147872925,0.9602198829812922
fd002_lstm_v1_stage1_p1_k6_balanced_64x16_l1_seed42,stage1,p1_k6,balanced_64x16_l1,42,59045,50,49,0.4798951275874983,0.8120895167316919,0.951933805014903,models\lstm_v2\fd002_lstm_v1_stage1_p1_k6_balanced_64x16_l1_seed42.pt,normalized_life_last_20pct_endpoint,endpoint,True,7170,0,2195,0.8884914490710957,0.969035019999174
fd002_lstm_v1_stage1_p1_k6_balanced_64x16_l1_seed42,stage1,p1_k6,balanced_64x16_l1,42,59045,50,49,0.4798951275874983,0.8120895167316919,0.951933805014903,models\lstm_v2\fd002_lstm_v1_stage1_p1_k6_balanced_64x16_l1_seed42.pt,normalized_life_last_20pct_full_window,full_window,False,7170,1505,690,0.9020913505544772,0.9944139227457401
fd002_lstm_v1_stage1_p1_k6_balanced_64x16_l1_seed42,stage1,p1_k6,balanced_64x16_l1,42,59045,50,49,0.4798951275874983,0.8120895167316919,0.951933805014903,models\lstm_v2\fd002_lstm_v1_stage1_p1_k6_balanced_64x16_l1_seed42.pt,normalized_life_last_30pct_endpoint,endpoint,True,6075,0,3290,0.9060745863366878,0.9265465120642425
fd002_lstm_v1_stage1_p1_k6_balanced_64x16_l1_seed42,stage1,p1_k6,balanced_64x16_l1,42,59045,50,49,0.4798951275874983,0.8120895167316919,0.951933805014903,models\lstm_v2\fd002_lstm_v1_stage1_p1_k6_balanced_64x16_l1_seed42.pt,normalized_life_last_30pct_full_window,full_window,False,6075,1508,1782,0.9749666820724945,0.9937977858142467
fd002_lstm_v1_stage1_p1_k6_compact_32x8_l1_seed42,stage1,p1_k6,compact_32x8_l1,42,16733,38,31,0.4841407946390742,0.8102617593586895,0.9531410088358477,models\lstm_v2\fd002_lstm_v1_stage1_p1_k6_compact_32x8_l1_seed42.pt,normalized_life_last_10pct_endpoint,endpoint,True,8253,0,1112,0.6385360032668824,0.9600571996056372
fd002_lstm_v1_stage1_p1_k6_compact_32x8_l1_seed42,stage1,p1_k6,compact_32x8_l1,42,16733,38,31,0.4841407946390742,0.8102617593586895,0.9531410088358477,models\lstm_v2\fd002_lstm_v1_stage1_p1_k6_compact_32x8_l1_seed42.pt,normalized_life_last_20pct_endpoint,endpoint,True,7170,0,2195,0.8829081914461273,0.9694063787675171
fd002_lstm_v1_stage1_p1_k6_compact_32x8_l1_seed42,stage1,p1_k6,compact_32x8_l1,42,16733,38,31,0.4841407946390742,0.8102617593586895,0.9531410088358477,models\lstm_v2\fd002_lstm_v1_stage1_p1_k6_compact_32x8_l1_seed42.pt,normalized_life_last_20pct_full_window,full_window,False,7170,1505,690,0.8894850211876056,0.9936955511086856
fd002_lstm_v1_stage1_p1_k6_compact_32x8_l1_seed42,stage1,p1_k6,compact_32x8_l1,42,16733,38,31,0.4841407946390742,0.8102617593586895,0.9531410088358477,models\lstm_v2\fd002_lstm_v1_stage1_p1_k6_compact_32x8_l1_seed42.pt,normalized_life_last_30pct_endpoint,endpoint,True,6075,0,3290,0.9093410833630587,0.929959448134389
fd002_lstm_v1_stage1_p1_k6_compact_32x8_l1_seed42,stage1,p1_k6,compact_32x8_l1,42,16733,38,31,0.4841407946390742,0.8102617593586895,0.9531410088358477,models\lstm_v2\fd002_lstm_v1_stage1_p1_k6_compact_32x8_l1_seed42.pt,normalized_life_last_30pct_full_window,full_window,False,6075,1508,1782,0.9756145692581105,0.994362740343536
fd002_lstm_v1_stage1_p1_k6_stacked_64x16_l2_seed42,stage1,p1_k6,stacked_64x16_l2,42,125605,20,13,0.48459463383730916,0.8087449510018839,0.9512147362712234,models\lstm_v2\fd002_lstm_v1_stage1_p1_k6_stacked_64x16_l2_seed42.pt,normalized_life_last_10pct_endpoint,endpoint,True,8253,0,1112,0.6427205497337753,0.9601935681552903
fd002_lstm_v1_stage1_p1_k6_stacked_64x16_l2_seed42,stage1,p1_k6,stacked_64x16_l2,42,125605,20,13,0.48459463383730916,0.8087449510018839,0.9512147362712234,models\lstm_v2\fd002_lstm_v1_stage1_p1_k6_stacked_64x16_l2_seed42.pt,normalized_life_last_20pct_endpoint,endpoint,True,7170,0,2195,0.8778651131049693,0.9671417860421969
fd002_lstm_v1_stage1_p1_k6_stacked_64x16_l2_seed42,stage1,p1_k6,stacked_64x16_l2,42,125605,20,13,0.48459463383730916,0.8087449510018839,0.9512147362712234,models\lstm_v2\fd002_lstm_v1_stage1_p1_k6_stacked_64x16_l2_seed42.pt,normalized_life_last_20pct_full_window,full_window,False,7170,1505,690,0.8941677763907031,0.99395023548198
fd002_lstm_v1_stage1_p1_k6_stacked_64x16_l2_seed42,stage1,p1_k6,stacked_64x16_l2,42,125605,20,13,0.48459463383730916,0.8087449510018839,0.9512147362712234,models\lstm_v2\fd002_lstm_v1_stage1_p1_k6_stacked_64x16_l2_seed42.pt,normalized_life_last_30pct_endpoint,endpoint,True,6075,0,3290,0.905649190166907,0.9263088546161833
fd002_lstm_v1_stage1_p1_k6_stacked_64x16_l2_seed42,stage1,p1_k6,stacked_64x16_l2,42,125605,20,13,0.48459463383730916,0.8087449510018839,0.9512147362712234,models\lstm_v2\fd002_lstm_v1_stage1_p1_k6_stacked_64x16_l2_seed42.pt,normalized_life_last_30pct_full_window,full_window,False,6075,1508,1782,0.9730479046666627,0.9936978380051082
fd002_lstm_v1_stage2_p0_global_balanced_64x16_l1_seed43,stage2,p0_global,balanced_64x16_l1,43,59045,50,50,0.8183525465839537,0.24827346724209867,0.5320306252188131,models\lstm_v2\fd002_lstm_v1_stage2_p0_global_balanced_64x16_l1_seed43.pt,normalized_life_last_10pct_endpoint,endpoint,True,8253,0,1112,0.12693714859707234,0.5375919547894945
fd002_lstm_v1_stage2_p0_global_balanced_64x16_l1_seed43,stage2,p0_global,balanced_64x16_l1,43,59045,50,50,0.8183525465839537,0.24827346724209867,0.5320306252188131,models\lstm_v2\fd002_lstm_v1_stage2_p0_global_balanced_64x16_l1_seed43.pt,normalized_life_last_20pct_endpoint,endpoint,True,7170,0,2195,0.24511743731752134,0.5257481978504462
fd002_lstm_v1_stage2_p0_global_balanced_64x16_l1_seed43,stage2,p0_global,balanced_64x16_l1,43,59045,50,50,0.8183525465839537,0.24827346724209867,0.5320306252188131,models\lstm_v2\fd002_lstm_v1_stage2_p0_global_balanced_64x16_l1_seed43.pt,normalized_life_last_20pct_full_window,full_window,False,7170,1505,690,0.09223133399243783,0.5326193075010611
fd002_lstm_v1_stage2_p0_global_balanced_64x16_l1_seed43,stage2,p0_global,balanced_64x16_l1,43,59045,50,50,0.8183525465839537,0.24827346724209867,0.5320306252188131,models\lstm_v2\fd002_lstm_v1_stage2_p0_global_balanced_64x16_l1_seed43.pt,normalized_life_last_30pct_endpoint,endpoint,True,6075,0,3290,0.3727658158117023,0.5327517230164984
fd002_lstm_v1_stage2_p0_global_balanced_64x16_l1_seed43,stage2,p0_global,balanced_64x16_l1,43,59045,50,50,0.8183525465839537,0.24827346724209867,0.5320306252188131,models\lstm_v2\fd002_lstm_v1_stage2_p0_global_balanced_64x16_l1_seed43.pt,normalized_life_last_30pct_full_window,full_window,False,6075,1508,1782,0.23405069995944439,0.5208952811147598
fd002_lstm_v1_stage2_p0_global_balanced_64x16_l1_seed44,stage2,p0_global,balanced_64x16_l1,44,59045,50,50,0.7936605316429479,0.24004696080690416,0.5234003112704685,models\lstm_v2\fd002_lstm_v1_stage2_p0_global_balanced_64x16_l1_seed44.pt,normalized_life_last_10pct_endpoint,endpoint,True,8253,0,1112,0.1216950347597145,0.5297833162041795
fd002_lstm_v1_stage2_p0_global_balanced_64x16_l1_seed44,stage2,p0_global,balanced_64x16_l1,44,59045,50,50,0.7936605316429479,0.24004696080690416,0.5234003112704685,models\lstm_v2\fd002_lstm_v1_stage2_p0_global_balanced_64x16_l1_seed44.pt,normalized_life_last_20pct_endpoint,endpoint,True,7170,0,2195,0.23754682103875394,0.5181817113193101
fd002_lstm_v1_stage2_p0_global_balanced_64x16_l1_seed44,stage2,p0_global,balanced_64x16_l1,44,59045,50,50,0.7936605316429479,0.24004696080690416,0.5234003112704685,models\lstm_v2\fd002_lstm_v1_stage2_p0_global_balanced_64x16_l1_seed44.pt,normalized_life_last_20pct_full_window,full_window,False,7170,1505,690,0.08643943975430685,0.5157409091827865
fd002_lstm_v1_stage2_p0_global_balanced_64x16_l1_seed44,stage2,p0_global,balanced_64x16_l1,44,59045,50,50,0.7936605316429479,0.24004696080690416,0.5234003112704685,models\lstm_v2\fd002_lstm_v1_stage2_p0_global_balanced_64x16_l1_seed44.pt,normalized_life_last_30pct_endpoint,endpoint,True,6075,0,3290,0.3608990266222441,0.5222359062879157
fd002_lstm_v1_stage2_p0_global_balanced_64x16_l1_seed44,stage2,p0_global,balanced_64x16_l1,44,59045,50,50,0.7936605316429479,0.24004696080690416,0.5234003112704685,models\lstm_v2\fd002_lstm_v1_stage2_p0_global_balanced_64x16_l1_seed44.pt,normalized_life_last_30pct_full_window,full_window,False,6075,1508,1782,0.22584858426844304,0.5118970223496973
fd002_lstm_v1_stage2_p0_global_balanced_64x16_l1_seed45,stage2,p0_global,balanced_64x16_l1,45,59045,50,47,0.800865242029446,0.2376384413914121,0.5208251276722767,models\lstm_v2\fd002_lstm_v1_stage2_p0_global_balanced_64x16_l1_seed45.pt,normalized_life_last_10pct_endpoint,endpoint,True,8253,0,1112,0.12002509125622515,0.5232868775862626
fd002_lstm_v1_stage2_p0_global_balanced_64x16_l1_seed45,stage2,p0_global,balanced_64x16_l1,45,59045,50,47,0.800865242029446,0.2376384413914121,0.5208251276722767,models\lstm_v2\fd002_lstm_v1_stage2_p0_global_balanced_64x16_l1_seed45.pt,normalized_life_last_20pct_endpoint,endpoint,True,7170,0,2195,0.23467179994807688,0.5175076168418778
fd002_lstm_v1_stage2_p0_global_balanced_64x16_l1_seed45,stage2,p0_global,balanced_64x16_l1,45,59045,50,47,0.800865242029446,0.2376384413914121,0.5208251276722767,models\lstm_v2\fd002_lstm_v1_stage2_p0_global_balanced_64x16_l1_seed45.pt,normalized_life_last_20pct_full_window,full_window,False,7170,1505,690,0.08506722824663525,0.5075754451923271
fd002_lstm_v1_stage2_p0_global_balanced_64x16_l1_seed45,stage2,p0_global,balanced_64x16_l1,45,59045,50,47,0.800865242029446,0.2376384413914121,0.5208251276722767,models\lstm_v2\fd002_lstm_v1_stage2_p0_global_balanced_64x16_l1_seed45.pt,normalized_life_last_30pct_endpoint,endpoint,True,6075,0,3290,0.3582184329699342,0.52168088858869
fd002_lstm_v1_stage2_p0_global_balanced_64x16_l1_seed45,stage2,p0_global,balanced_64x16_l1,45,59045,50,47,0.800865242029446,0.2376384413914121,0.5208251276722767,models\lstm_v2\fd002_lstm_v1_stage2_p0_global_balanced_64x16_l1_seed45.pt,normalized_life_last_30pct_full_window,full_window,False,6075,1508,1782,0.22172537818837273,0.5078077528831988
fd002_lstm_v1_stage2_p1_k6_balanced_64x16_l1_seed43,stage2,p1_k6,balanced_64x16_l1,43,59045,50,47,0.4806147297430849,0.8096174347354642,0.9507896124673748,models\lstm_v2\fd002_lstm_v1_stage2_p1_k6_balanced_64x16_l1_seed43.pt,normalized_life_last_10pct_endpoint,endpoint,True,8253,0,1112,0.6463015347566017,0.9605696576871545
fd002_lstm_v1_stage2_p1_k6_balanced_64x16_l1_seed43,stage2,p1_k6,balanced_64x16_l1,43,59045,50,47,0.4806147297430849,0.8096174347354642,0.9507896124673748,models\lstm_v2\fd002_lstm_v1_stage2_p1_k6_balanced_64x16_l1_seed43.pt,normalized_life_last_20pct_endpoint,endpoint,True,7170,0,2195,0.88000307219189,0.9677799169533903
fd002_lstm_v1_stage2_p1_k6_balanced_64x16_l1_seed43,stage2,p1_k6,balanced_64x16_l1,43,59045,50,47,0.4806147297430849,0.8096174347354642,0.9507896124673748,models\lstm_v2\fd002_lstm_v1_stage2_p1_k6_balanced_64x16_l1_seed43.pt,normalized_life_last_20pct_full_window,full_window,False,7170,1505,690,0.8957135491978266,0.9940199704889535
fd002_lstm_v1_stage2_p1_k6_balanced_64x16_l1_seed43,stage2,p1_k6,balanced_64x16_l1,43,59045,50,47,0.4806147297430849,0.8096174347354642,0.9507896124673748,models\lstm_v2\fd002_lstm_v1_stage2_p1_k6_balanced_64x16_l1_seed43.pt,normalized_life_last_30pct_endpoint,endpoint,True,6075,0,3290,0.9025476972579007,0.9240192627615795
fd002_lstm_v1_stage2_p1_k6_balanced_64x16_l1_seed43,stage2,p1_k6,balanced_64x16_l1,43,59045,50,47,0.4806147297430849,0.8096174347354642,0.9507896124673748,models\lstm_v2\fd002_lstm_v1_stage2_p1_k6_balanced_64x16_l1_seed43.pt,normalized_life_last_30pct_full_window,full_window,False,6075,1508,1782,0.9721564419812108,0.993206643480992
fd002_lstm_v1_stage2_p1_k6_balanced_64x16_l1_seed44,stage2,p1_k6,balanced_64x16_l1,44,59045,50,50,0.48088688815264347,0.8108828308398239,0.9523263402638339,models\lstm_v2\fd002_lstm_v1_stage2_p1_k6_balanced_64x16_l1_seed44.pt,normalized_life_last_10pct_endpoint,endpoint,True,8253,0,1112,0.6405250094614104,0.9597906189770103
fd002_lstm_v1_stage2_p1_k6_balanced_64x16_l1_seed44,stage2,p1_k6,balanced_64x16_l1,44,59045,50,50,0.48088688815264347,0.8108828308398239,0.9523263402638339,models\lstm_v2\fd002_lstm_v1_stage2_p1_k6_balanced_64x16_l1_seed44.pt,normalized_life_last_20pct_endpoint,endpoint,True,7170,0,2195,0.8850211737533314,0.9682584357119484
fd002_lstm_v1_stage2_p1_k6_balanced_64x16_l1_seed44,stage2,p1_k6,balanced_64x16_l1,44,59045,50,50,0.48088688815264347,0.8108828308398239,0.9523263402638339,models\lstm_v2\fd002_lstm_v1_stage2_p1_k6_balanced_64x16_l1_seed44.pt,normalized_life_last_20pct_full_window,full_window,False,7170,1505,690,0.8950004992118158,0.9939583207001799
fd002_lstm_v1_stage2_p1_k6_balanced_64x16_l1_seed44,stage2,p1_k6,balanced_64x16_l1,44,59045,50,50,0.48088688815264347,0.8108828308398239,0.9523263402638339,models\lstm_v2\fd002_lstm_v1_stage2_p1_k6_balanced_64x16_l1_seed44.pt,normalized_life_last_30pct_endpoint,endpoint,True,6075,0,3290,0.9071023093047301,0.928929966102543
fd002_lstm_v1_stage2_p1_k6_balanced_64x16_l1_seed44,stage2,p1_k6,balanced_64x16_l1,44,59045,50,50,0.48088688815264347,0.8108828308398239,0.9523263402638339,models\lstm_v2\fd002_lstm_v1_stage2_p1_k6_balanced_64x16_l1_seed44.pt,normalized_life_last_30pct_full_window,full_window,False,6075,1508,1782,0.9735827895602155,0.9934911991427767
fd002_lstm_v1_stage2_p1_k6_balanced_64x16_l1_seed45,stage2,p1_k6,balanced_64x16_l1,45,59045,50,47,0.48090395845391304,0.8127866266933063,0.951046974862784,models\lstm_v2\fd002_lstm_v1_stage2_p1_k6_balanced_64x16_l1_seed45.pt,normalized_life_last_10pct_endpoint,endpoint,True,8253,0,1112,0.6511530794643943,0.9613826387090981
fd002_lstm_v1_stage2_p1_k6_balanced_64x16_l1_seed45,stage2,p1_k6,balanced_64x16_l1,45,59045,50,47,0.48090395845391304,0.8127866266933063,0.951046974862784,models\lstm_v2\fd002_lstm_v1_stage2_p1_k6_balanced_64x16_l1_seed45.pt,normalized_life_last_20pct_endpoint,endpoint,True,7170,0,2195,0.8849574736492835,0.967372880548222
fd002_lstm_v1_stage2_p1_k6_balanced_64x16_l1_seed45,stage2,p1_k6,balanced_64x16_l1,45,59045,50,47,0.48090395845391304,0.8127866266933063,0.951046974862784,models\lstm_v2\fd002_lstm_v1_stage2_p1_k6_balanced_64x16_l1_seed45.pt,normalized_life_last_20pct_full_window,full_window,False,7170,1505,690,0.9067074296985695,0.9946314151153155
fd002_lstm_v1_stage2_p1_k6_balanced_64x16_l1_seed45,stage2,p1_k6,balanced_64x16_l1,45,59045,50,47,0.48090395845391304,0.8127866266933063,0.951046974862784,models\lstm_v2\fd002_lstm_v1_stage2_p1_k6_balanced_64x16_l1_seed45.pt,normalized_life_last_30pct_endpoint,endpoint,True,6075,0,3290,0.902249326966241,0.9243854053310318
fd002_lstm_v1_stage2_p1_k6_balanced_64x16_l1_seed45,stage2,p1_k6,balanced_64x16_l1,45,59045,50,47,0.48090395845391304,0.8127866266933063,0.951046974862784,models\lstm_v2\fd002_lstm_v1_stage2_p1_k6_balanced_64x16_l1_seed45.pt,normalized_life_last_30pct_full_window,full_window,False,6075,1508,1782,0.9715821820215325,0.9927348011435803
