run_id,stage,pipeline,architecture_id,seed,epoch,development_loss,monitor_loss
fd002_lstm_v1_stage1_p1_k6_compact_32x8_l1_seed42,stage1,p1_k6,compact_32x8_l1,42,1,0.737385697674621,0.5966697056886188
fd002_lstm_v1_stage1_p1_k6_compact_32x8_l1_seed42,stage1,p1_k6,compact_32x8_l1,42,2,0.614790577477099,0.5703825219265892
fd002_lstm_v1_stage1_p1_k6_compact_32x8_l1_seed42,stage1,p1_k6,compact_32x8_l1,42,3,0.5771291564891848,0.5092910663393992
fd002_lstm_v1_stage1_p1_k6_compact_32x8_l1_seed42,stage1,p1_k6,compact_32x8_l1,42,4,0.5500814715506888,0.4971771326587018
fd002_lstm_v1_stage1_p1_k6_compact_32x8_l1_seed42,stage1,p1_k6,compact_32x8_l1,42,5,0.5433232224730988,0.492781080124495
fd002_lstm_v1_stage1_p1_k6_compact_32x8_l1_seed42,stage1,p1_k6,compact_32x8_l1,42,6,0.5402669507934766,0.49062471776077365
fd002_lstm_v1_stage1_p1_k6_compact_32x8_l1_seed42,stage1,p1_k6,compact_32x8_l1,42,7,0.5384672723994155,0.4887429859858028
fd002_lstm_v1_stage1_p1_k6_compact_32x8_l1_seed42,stage1,p1_k6,compact_32x8_l1,42,8,0.5371388467081553,0.4882531605473656
fd002_lstm_v1_stage1_p1_k6_compact_32x8_l1_seed42,stage1,p1_k6,compact_32x8_l1,42,9,0.5361951725090948,0.48744083763400897
fd002_lstm_v1_stage1_p1_k6_compact_32x8_l1_seed42,stage1,p1_k6,compact_32x8_l1,42,10,0.5355272702096866,0.486861862281207
fd002_lstm_v1_stage1_p1_k6_compact_32x8_l1_seed42,stage1,p1_k6,compact_32x8_l1,42,11,0.534950480938102,0.4861909604302378
fd002_lstm_v1_stage1_p1_k6_compact_32x8_l1_seed42,stage1,p1_k6,compact_32x8_l1,42,12,0.5344466654629688,0.4858113863519868
fd002_lstm_v1_stage1_p1_k6_compact_32x8_l1_seed42,stage1,p1_k6,compact_32x8_l1,42,13,0.5340727036407461,0.48550265358069666
fd002_lstm_v1_stage1_p1_k6_compact_32x8_l1_seed42,stage1,p1_k6,compact_32x8_l1,42,14,0.5337821247565863,0.4853757257242347
fd002_lstm_v1_stage1_p1_k6_compact_32x8_l1_seed42,stage1,p1_k6,compact_32x8_l1,42,15,0.5334710970398796,0.48535885786680816
fd002_lstm_v1_stage1_p1_k6_compact_32x8_l1_seed42,stage1,p1_k6,compact_32x8_l1,42,16,0.5333408723815295,0.4851221625943832
fd002_lstm_v1_stage1_p1_k6_compact_32x8_l1_seed42,stage1,p1_k6,compact_32x8_l1,42,17,0.5330631962852844,0.4848980735148365
fd002_lstm_v1_stage1_p1_k6_compact_32x8_l1_seed42,stage1,p1_k6,compact_32x8_l1,42,18,0.532874602695736,0.4849066544739321
fd002_lstm_v1_stage1_p1_k6_compact_32x8_l1_seed42,stage1,p1_k6,compact_32x8_l1,42,19,0.5326046046046746,0.4848861101181019
fd002_lstm_v1_stage1_p1_k6_compact_32x8_l1_seed42,stage1,p1_k6,compact_32x8_l1,42,20,0.5324861605836856,0.48481764198494975
fd002_lstm_v1_stage1_p1_k6_compact_32x8_l1_seed42,stage1,p1_k6,compact_32x8_l1,42,21,0.5323559829569313,0.4846220775384153
fd002_lstm_v1_stage1_p1_k6_compact_32x8_l1_seed42,stage1,p1_k6,compact_32x8_l1,42,22,0.5321720894174339,0.4846810330274865
fd002_lstm_v1_stage1_p1_k6_compact_32x8_l1_seed42,stage1,p1_k6,compact_32x8_l1,42,23,0.5320405937399252,0.4845162393062365
fd002_lstm_v1_stage1_p1_k6_compact_32x8_l1_seed42,stage1,p1_k6,compact_32x8_l1,42,24,0.5319427965894832,0.4845505660980034
fd002_lstm_v1_stage1_p1_k6_compact_32x8_l1_seed42,stage1,p1_k6,compact_32x8_l1,42,25,0.531775089109715,0.48453086698215986
fd002_lstm_v1_stage1_p1_k6_compact_32x8_l1_seed42,stage1,p1_k6,compact_32x8_l1,42,26,0.5317018426466155,0.48418673461450434
fd002_lstm_v1_stage1_p1_k6_compact_32x8_l1_seed42,stage1,p1_k6,compact_32x8_l1,42,27,0.5315818615475644,0.48444338981546103
fd002_lstm_v1_stage1_p1_k6_compact_32x8_l1_seed42,stage1,p1_k6,compact_32x8_l1,42,28,0.5314410971474692,0.4847408374507751
fd002_lstm_v1_stage1_p1_k6_compact_32x8_l1_seed42,stage1,p1_k6,compact_32x8_l1,42,29,0.5314107120157596,0.48440219544880236
fd002_lstm_v1_stage1_p1_k6_compact_32x8_l1_seed42,stage1,p1_k6,compact_32x8_l1,42,30,0.5312445944760124,0.4848610196419587
fd002_lstm_v1_stage1_p1_k6_compact_32x8_l1_seed42,stage1,p1_k6,compact_32x8_l1,42,31,0.5311900899094854,0.4841407946390742
fd002_lstm_v1_stage1_p1_k6_compact_32x8_l1_seed42,stage1,p1_k6,compact_32x8_l1,42,32,0.5310124581799714,0.4842922255889963
fd002_lstm_v1_stage1_p1_k6_compact_32x8_l1_seed42,stage1,p1_k6,compact_32x8_l1,42,33,0.5308491675889524,0.484574822416852
fd002_lstm_v1_stage1_p1_k6_compact_32x8_l1_seed42,stage1,p1_k6,compact_32x8_l1,42,34,0.530682531535579,0.48429339592128556
fd002_lstm_v1_stage1_p1_k6_compact_32x8_l1_seed42,stage1,p1_k6,compact_32x8_l1,42,35,0.5304662724843678,0.48442710195225613
fd002_lstm_v1_stage1_p1_k6_compact_32x8_l1_seed42,stage1,p1_k6,compact_32x8_l1,42,36,0.5303509385734088,0.484348549308109
fd002_lstm_v1_stage1_p1_k6_compact_32x8_l1_seed42,stage1,p1_k6,compact_32x8_l1,42,37,0.5301725823241052,0.484504562581805
fd002_lstm_v1_stage1_p1_k6_compact_32x8_l1_seed42,stage1,p1_k6,compact_32x8_l1,42,38,0.5299873726773077,0.4845236573215042
fd002_lstm_v1_stage1_p1_k6_balanced_64x16_l1_seed42,stage1,p1_k6,balanced_64x16_l1,42,1,0.6838571867947593,0.5776971474982788
fd002_lstm_v1_stage1_p1_k6_balanced_64x16_l1_seed42,stage1,p1_k6,balanced_64x16_l1,42,2,0.5854634598005948,0.5117176912334782
fd002_lstm_v1_stage1_p1_k6_balanced_64x16_l1_seed42,stage1,p1_k6,balanced_64x16_l1,42,3,0.5478089957962926,0.4935958338416595
fd002_lstm_v1_stage1_p1_k6_balanced_64x16_l1_seed42,stage1,p1_k6,balanced_64x16_l1,42,4,0.5401234626420806,0.49018299120619413
fd002_lstm_v1_stage1_p1_k6_balanced_64x16_l1_seed42,stage1,p1_k6,balanced_64x16_l1,42,5,0.5374513211322957,0.4879953298421966
fd002_lstm_v1_stage1_p1_k6_balanced_64x16_l1_seed42,stage1,p1_k6,balanced_64x16_l1,42,6,0.536033730337528,0.4870314067831514
fd002_lstm_v1_stage1_p1_k6_balanced_64x16_l1_seed42,stage1,p1_k6,balanced_64x16_l1,42,7,0.5349405273421952,0.4861749961816431
fd002_lstm_v1_stage1_p1_k6_balanced_64x16_l1_seed42,stage1,p1_k6,balanced_64x16_l1,42,8,0.5340742304185,0.4858781329736276
fd002_lstm_v1_stage1_p1_k6_balanced_64x16_l1_seed42,stage1,p1_k6,balanced_64x16_l1,42,9,0.5334707479954746,0.48538766843327735
fd002_lstm_v1_stage1_p1_k6_balanced_64x16_l1_seed42,stage1,p1_k6,balanced_64x16_l1,42,10,0.5330676870252996,0.4851242623951193
fd002_lstm_v1_stage1_p1_k6_balanced_64x16_l1_seed42,stage1,p1_k6,balanced_64x16_l1,42,11,0.5326168734377736,0.4846612504220289
fd002_lstm_v1_stage1_p1_k6_balanced_64x16_l1_seed42,stage1,p1_k6,balanced_64x16_l1,42,12,0.5322470216328549,0.48469284274422353
fd002_lstm_v1_stage1_p1_k6_balanced_64x16_l1_seed42,stage1,p1_k6,balanced_64x16_l1,42,13,0.5320566907894442,0.4845574092909725
fd002_lstm_v1_stage1_p1_k6_balanced_64x16_l1_seed42,stage1,p1_k6,balanced_64x16_l1,42,14,0.5316860277866711,0.48450096957301547
fd002_lstm_v1_stage1_p1_k6_balanced_64x16_l1_seed42,stage1,p1_k6,balanced_64x16_l1,42,15,0.5315006972570117,0.48456808487888126
fd002_lstm_v1_stage1_p1_k6_balanced_64x16_l1_seed42,stage1,p1_k6,balanced_64x16_l1,42,16,0.5312964897607008,0.4846609423231876
fd002_lstm_v1_stage1_p1_k6_balanced_64x16_l1_seed42,stage1,p1_k6,balanced_64x16_l1,42,17,0.5308402735643687,0.48431141268446326
fd002_lstm_v1_stage1_p1_k6_balanced_64x16_l1_seed42,stage1,p1_k6,balanced_64x16_l1,42,18,0.5304888974027738,0.48422278144009034
fd002_lstm_v1_stage1_p1_k6_balanced_64x16_l1_seed42,stage1,p1_k6,balanced_64x16_l1,42,19,0.5300854269467629,0.48408771076029516
fd002_lstm_v1_stage1_p1_k6_balanced_64x16_l1_seed42,stage1,p1_k6,balanced_64x16_l1,42,20,0.5294439175350953,0.4840667962425477
fd002_lstm_v1_stage1_p1_k6_balanced_64x16_l1_seed42,stage1,p1_k6,balanced_64x16_l1,42,21,0.5291954006395426,0.48371436441617677
fd002_lstm_v1_stage1_p1_k6_balanced_64x16_l1_seed42,stage1,p1_k6,balanced_64x16_l1,42,22,0.5284239697484069,0.4832747177134875
fd002_lstm_v1_stage1_p1_k6_balanced_64x16_l1_seed42,stage1,p1_k6,balanced_64x16_l1,42,23,0.5281025126781634,0.483312590966737
fd002_lstm_v1_stage1_p1_k6_balanced_64x16_l1_seed42,stage1,p1_k6,balanced_64x16_l1,42,24,0.5278015034687396,0.48349239065313526
fd002_lstm_v1_stage1_p1_k6_balanced_64x16_l1_seed42,stage1,p1_k6,balanced_64x16_l1,42,25,0.5272921909329178,0.48275357849785133
fd002_lstm_v1_stage1_p1_k6_balanced_64x16_l1_seed42,stage1,p1_k6,balanced_64x16_l1,42,26,0.5265462414494226,0.48324825372236596
fd002_lstm_v1_stage1_p1_k6_balanced_64x16_l1_seed42,stage1,p1_k6,balanced_64x16_l1,42,27,0.5261966155628344,0.4825569227755648
fd002_lstm_v1_stage1_p1_k6_balanced_64x16_l1_seed42,stage1,p1_k6,balanced_64x16_l1,42,28,0.5256135668134114,0.4827907040388049
fd002_lstm_v1_stage1_p1_k6_balanced_64x16_l1_seed42,stage1,p1_k6,balanced_64x16_l1,42,29,0.5254623312755106,0.48230299761110357
fd002_lstm_v1_stage1_p1_k6_balanced_64x16_l1_seed42,stage1,p1_k6,balanced_64x16_l1,42,30,0.5246894295781068,0.48243201492445564
fd002_lstm_v1_stage1_p1_k6_balanced_64x16_l1_seed42,stage1,p1_k6,balanced_64x16_l1,42,31,0.5242239464082973,0.48139947891841434
fd002_lstm_v1_stage1_p1_k6_balanced_64x16_l1_seed42,stage1,p1_k6,balanced_64x16_l1,42,32,0.5238622120235956,0.481192084806297
fd002_lstm_v1_stage1_p1_k6_balanced_64x16_l1_seed42,stage1,p1_k6,balanced_64x16_l1,42,33,0.5234784069936744,0.48133711143785846
fd002_lstm_v1_stage1_p1_k6_balanced_64x16_l1_seed42,stage1,p1_k6,balanced_64x16_l1,42,34,0.5230427927740936,0.48115599291109634
fd002_lstm_v1_stage1_p1_k6_balanced_64x16_l1_seed42,stage1,p1_k6,balanced_64x16_l1,42,35,0.5227439954100894,0.48098733945759947
fd002_lstm_v1_stage1_p1_k6_balanced_64x16_l1_seed42,stage1,p1_k6,balanced_64x16_l1,42,36,0.5224175681496374,0.4816523785644302
fd002_lstm_v1_stage1_p1_k6_balanced_64x16_l1_seed42,stage1,p1_k6,balanced_64x16_l1,42,37,0.5218793517830277,0.48099493701247975
fd002_lstm_v1_stage1_p1_k6_balanced_64x16_l1_seed42,stage1,p1_k6,balanced_64x16_l1,42,38,0.5219695572176599,0.4807369821811589
fd002_lstm_v1_stage1_p1_k6_balanced_64x16_l1_seed42,stage1,p1_k6,balanced_64x16_l1,42,39,0.521381926191521,0.4806195477587782
fd002_lstm_v1_stage1_p1_k6_balanced_64x16_l1_seed42,stage1,p1_k6,balanced_64x16_l1,42,40,0.5208695196763405,0.4800673903043999
fd002_lstm_v1_stage1_p1_k6_balanced_64x16_l1_seed42,stage1,p1_k6,balanced_64x16_l1,42,41,0.5204953831375699,0.4801916730916727
fd002_lstm_v1_stage1_p1_k6_balanced_64x16_l1_seed42,stage1,p1_k6,balanced_64x16_l1,42,42,0.5202237132870586,0.48068296070662536
fd002_lstm_v1_stage1_p1_k6_balanced_64x16_l1_seed42,stage1,p1_k6,balanced_64x16_l1,42,43,0.5203161039417856,0.4804206481607578
fd002_lstm_v1_stage1_p1_k6_balanced_64x16_l1_seed42,stage1,p1_k6,balanced_64x16_l1,42,44,0.5198635476587252,0.47996965130363195
fd002_lstm_v1_stage1_p1_k6_balanced_64x16_l1_seed42,stage1,p1_k6,balanced_64x16_l1,42,45,0.5191545257517344,0.47996960771170954
fd002_lstm_v1_stage1_p1_k6_balanced_64x16_l1_seed42,stage1,p1_k6,balanced_64x16_l1,42,46,0.5189816092312155,0.47999534911130404
fd002_lstm_v1_stage1_p1_k6_balanced_64x16_l1_seed42,stage1,p1_k6,balanced_64x16_l1,42,47,0.5189055898474192,0.48091845018214624
fd002_lstm_v1_stage1_p1_k6_balanced_64x16_l1_seed42,stage1,p1_k6,balanced_64x16_l1,42,48,0.5188294760117406,0.4801679539139695
fd002_lstm_v1_stage1_p1_k6_balanced_64x16_l1_seed42,stage1,p1_k6,balanced_64x16_l1,42,49,0.5181171016459597,0.4798951275874983
fd002_lstm_v1_stage1_p1_k6_balanced_64x16_l1_seed42,stage1,p1_k6,balanced_64x16_l1,42,50,0.5176923694104386,0.4802655650943548
fd002_lstm_v1_stage1_p1_k6_stacked_64x16_l2_seed42,stage1,p1_k6,stacked_64x16_l2,42,1,0.7053094287201883,0.6082124492383146
fd002_lstm_v1_stage1_p1_k6_stacked_64x16_l2_seed42,stage1,p1_k6,stacked_64x16_l2,42,2,0.6116349657386096,0.5706384582302495
fd002_lstm_v1_stage1_p1_k6_stacked_64x16_l2_seed42,stage1,p1_k6,stacked_64x16_l2,42,3,0.5867886976436502,0.5392551046288888
fd002_lstm_v1_stage1_p1_k6_stacked_64x16_l2_seed42,stage1,p1_k6,stacked_64x16_l2,42,4,0.5545572916666667,0.4953975581844292
fd002_lstm_v1_stage1_p1_k6_stacked_64x16_l2_seed42,stage1,p1_k6,stacked_64x16_l2,42,5,0.5415450581189253,0.489378812593863
fd002_lstm_v1_stage1_p1_k6_stacked_64x16_l2_seed42,stage1,p1_k6,stacked_64x16_l2,42,6,0.5381108199350034,0.48738893886444196
fd002_lstm_v1_stage1_p1_k6_stacked_64x16_l2_seed42,stage1,p1_k6,stacked_64x16_l2,42,7,0.5366439042682984,0.4864323037837434
fd002_lstm_v1_stage1_p1_k6_stacked_64x16_l2_seed42,stage1,p1_k6,stacked_64x16_l2,42,8,0.5357597477763151,0.48589799094139163
fd002_lstm_v1_stage1_p1_k6_stacked_64x16_l2_seed42,stage1,p1_k6,stacked_64x16_l2,42,9,0.5350518167302627,0.48596183906961654
fd002_lstm_v1_stage1_p1_k6_stacked_64x16_l2_seed42,stage1,p1_k6,stacked_64x16_l2,42,10,0.5346136674688002,0.4852039587730946
fd002_lstm_v1_stage1_p1_k6_stacked_64x16_l2_seed42,stage1,p1_k6,stacked_64x16_l2,42,11,0.5343082691620248,0.48528297689031125
fd002_lstm_v1_stage1_p1_k6_stacked_64x16_l2_seed42,stage1,p1_k6,stacked_64x16_l2,42,12,0.5338438993972244,0.48470337277944225
fd002_lstm_v1_stage1_p1_k6_stacked_64x16_l2_seed42,stage1,p1_k6,stacked_64x16_l2,42,13,0.5334098125384338,0.48459463383730916
fd002_lstm_v1_stage1_p1_k6_stacked_64x16_l2_seed42,stage1,p1_k6,stacked_64x16_l2,42,14,0.533018227277629,0.4850032231424108
fd002_lstm_v1_stage1_p1_k6_stacked_64x16_l2_seed42,stage1,p1_k6,stacked_64x16_l2,42,15,0.5328695147321926,0.48514947108664525
fd002_lstm_v1_stage1_p1_k6_stacked_64x16_l2_seed42,stage1,p1_k6,stacked_64x16_l2,42,16,0.5327076747355161,0.48480308893248675
fd002_lstm_v1_stage1_p1_k6_stacked_64x16_l2_seed42,stage1,p1_k6,stacked_64x16_l2,42,17,0.5324002954657002,0.48500559483852723
fd002_lstm_v1_stage1_p1_k6_stacked_64x16_l2_seed42,stage1,p1_k6,stacked_64x16_l2,42,18,0.5322724985705505,0.48533292732260125
fd002_lstm_v1_stage1_p1_k6_stacked_64x16_l2_seed42,stage1,p1_k6,stacked_64x16_l2,42,19,0.5319798349428867,0.4851179733367568
fd002_lstm_v1_stage1_p1_k6_stacked_64x16_l2_seed42,stage1,p1_k6,stacked_64x16_l2,42,20,0.5318055690819979,0.48544234304780065
fd002_lstm_v1_stage2_p0_global_balanced_64x16_l1_seed43,stage2,p0_global,balanced_64x16_l1,43,1,0.988333909839638,0.9730998650453191
fd002_lstm_v1_stage2_p0_global_balanced_64x16_l1_seed43,stage2,p0_global,balanced_64x16_l1,43,2,0.9689093997953683,0.9698519136587944
fd002_lstm_v1_stage2_p0_global_balanced_64x16_l1_seed43,stage2,p0_global,balanced_64x16_l1,43,3,0.9648053426773375,0.967579605647669
fd002_lstm_v1_stage2_p0_global_balanced_64x16_l1_seed43,stage2,p0_global,balanced_64x16_l1,43,4,0.9618470339248151,0.9666811125864391
fd002_lstm_v1_stage2_p0_global_balanced_64x16_l1_seed43,stage2,p0_global,balanced_64x16_l1,43,5,0.9611458107115245,0.9664941638247688
fd002_lstm_v1_stage2_p0_global_balanced_64x16_l1_seed43,stage2,p0_global,balanced_64x16_l1,43,6,0.9608211504397867,0.9673541304927595
fd002_lstm_v1_stage2_p0_global_balanced_64x16_l1_seed43,stage2,p0_global,balanced_64x16_l1,43,7,0.9605829999298491,0.9661838514004267
fd002_lstm_v1_stage2_p0_global_balanced_64x16_l1_seed43,stage2,p0_global,balanced_64x16_l1,43,8,0.9549847560103425,0.9558544808831541
fd002_lstm_v1_stage2_p0_global_balanced_64x16_l1_seed43,stage2,p0_global,balanced_64x16_l1,43,9,0.9387358177583345,0.9440403694892717
fd002_lstm_v1_stage2_p0_global_balanced_64x16_l1_seed43,stage2,p0_global,balanced_64x16_l1,43,10,0.926706305517495,0.9343658279639907
fd002_lstm_v1_stage2_p0_global_balanced_64x16_l1_seed43,stage2,p0_global,balanced_64x16_l1,43,11,0.9169671239350492,0.9268022304523772
fd002_lstm_v1_stage2_p0_global_balanced_64x16_l1_seed43,stage2,p0_global,balanced_64x16_l1,43,12,0.9116205052720164,0.924088189975903
fd002_lstm_v1_stage2_p0_global_balanced_64x16_l1_seed43,stage2,p0_global,balanced_64x16_l1,43,13,0.9083510280966909,0.9200437521042338
fd002_lstm_v1_stage2_p0_global_balanced_64x16_l1_seed43,stage2,p0_global,balanced_64x16_l1,43,14,0.902462585238354,0.9142856477895615
fd002_lstm_v1_stage2_p0_global_balanced_64x16_l1_seed43,stage2,p0_global,balanced_64x16_l1,43,15,0.8964964387986628,0.908198724432377
fd002_lstm_v1_stage2_p0_global_balanced_64x16_l1_seed43,stage2,p0_global,balanced_64x16_l1,43,16,0.8913222282484855,0.9044451407330488
fd002_lstm_v1_stage2_p0_global_balanced_64x16_l1_seed43,stage2,p0_global,balanced_64x16_l1,43,17,0.8872112843055456,0.8989589835179385
fd002_lstm_v1_stage2_p0_global_balanced_64x16_l1_seed43,stage2,p0_global,balanced_64x16_l1,43,18,0.882838323066919,0.8998920604893927
fd002_lstm_v1_stage2_p0_global_balanced_64x16_l1_seed43,stage2,p0_global,balanced_64x16_l1,43,19,0.877817709157358,0.8923964161351703
fd002_lstm_v1_stage2_p0_global_balanced_64x16_l1_seed43,stage2,p0_global,balanced_64x16_l1,43,20,0.8729474058957627,0.8872134695552832
fd002_lstm_v1_stage2_p0_global_balanced_64x16_l1_seed43,stage2,p0_global,balanced_64x16_l1,43,21,0.8701710468396757,0.8851085693030588
fd002_lstm_v1_stage2_p0_global_balanced_64x16_l1_seed43,stage2,p0_global,balanced_64x16_l1,43,22,0.8650606601084255,0.8796920010506983
fd002_lstm_v1_stage2_p0_global_balanced_64x16_l1_seed43,stage2,p0_global,balanced_64x16_l1,43,23,0.859342786855109,0.8725635381083836
fd002_lstm_v1_stage2_p0_global_balanced_64x16_l1_seed43,stage2,p0_global,balanced_64x16_l1,43,24,0.853170679340228,0.8727536373100042
fd002_lstm_v1_stage2_p0_global_balanced_64x16_l1_seed43,stage2,p0_global,balanced_64x16_l1,43,25,0.8495596645467155,0.8647429241000499
fd002_lstm_v1_stage2_p0_global_balanced_64x16_l1_seed43,stage2,p0_global,balanced_64x16_l1,43,26,0.8487424380967804,0.8757470916651535
fd002_lstm_v1_stage2_p0_global_balanced_64x16_l1_seed43,stage2,p0_global,balanced_64x16_l1,43,27,0.8442062111433507,0.8630338045162059
fd002_lstm_v1_stage2_p0_global_balanced_64x16_l1_seed43,stage2,p0_global,balanced_64x16_l1,43,28,0.8354875673803405,0.8738759180015547
fd002_lstm_v1_stage2_p0_global_balanced_64x16_l1_seed43,stage2,p0_global,balanced_64x16_l1,43,29,0.8367947336242358,0.8556442806333886
fd002_lstm_v1_stage2_p0_global_balanced_64x16_l1_seed43,stage2,p0_global,balanced_64x16_l1,43,30,0.82660044827874,0.8490499798088126
fd002_lstm_v1_stage2_p0_global_balanced_64x16_l1_seed43,stage2,p0_global,balanced_64x16_l1,43,31,0.8260011953954621,0.8516699016306157
fd002_lstm_v1_stage2_p0_global_balanced_64x16_l1_seed43,stage2,p0_global,balanced_64x16_l1,43,32,0.8193357971825944,0.8582916417232209
fd002_lstm_v1_stage2_p0_global_balanced_64x16_l1_seed43,stage2,p0_global,balanced_64x16_l1,43,33,0.8208820813880132,0.8469934340812111
fd002_lstm_v1_stage2_p0_global_balanced_64x16_l1_seed43,stage2,p0_global,balanced_64x16_l1,43,34,0.8157698635340546,0.8413361837426423
fd002_lstm_v1_stage2_p0_global_balanced_64x16_l1_seed43,stage2,p0_global,balanced_64x16_l1,43,35,0.8115771063811474,0.8492404661658117
fd002_lstm_v1_stage2_p0_global_balanced_64x16_l1_seed43,stage2,p0_global,balanced_64x16_l1,43,36,0.8095565652811609,0.8451550252886347
fd002_lstm_v1_stage2_p0_global_balanced_64x16_l1_seed43,stage2,p0_global,balanced_64x16_l1,43,37,0.8079589144106426,0.8345228372022864
fd002_lstm_v1_stage2_p0_global_balanced_64x16_l1_seed43,stage2,p0_global,balanced_64x16_l1,43,38,0.8078927273512004,0.8441374213631274
fd002_lstm_v1_stage2_p0_global_balanced_64x16_l1_seed43,stage2,p0_global,balanced_64x16_l1,43,39,0.8033038662117304,0.8376944465723213
fd002_lstm_v1_stage2_p0_global_balanced_64x16_l1_seed43,stage2,p0_global,balanced_64x16_l1,43,40,0.8004438799253664,0.8328166759583957
fd002_lstm_v1_stage2_p0_global_balanced_64x16_l1_seed43,stage2,p0_global,balanced_64x16_l1,43,41,0.7980310918183618,0.8315419062892475
fd002_lstm_v1_stage2_p0_global_balanced_64x16_l1_seed43,stage2,p0_global,balanced_64x16_l1,43,42,0.7933687412839958,0.8333803608902848
fd002_lstm_v1_stage2_p0_global_balanced_64x16_l1_seed43,stage2,p0_global,balanced_64x16_l1,43,43,0.7954981465353401,0.8254711060325782
fd002_lstm_v1_stage2_p0_global_balanced_64x16_l1_seed43,stage2,p0_global,balanced_64x16_l1,43,44,0.7870789156283334,0.8294057188582853
fd002_lstm_v1_stage2_p0_global_balanced_64x16_l1_seed43,stage2,p0_global,balanced_64x16_l1,43,45,0.7870092482308035,0.8280245139692753
fd002_lstm_v1_stage2_p0_global_balanced_64x16_l1_seed43,stage2,p0_global,balanced_64x16_l1,43,46,0.7851394329006365,0.8263574849724605
fd002_lstm_v1_stage2_p0_global_balanced_64x16_l1_seed43,stage2,p0_global,balanced_64x16_l1,43,47,0.7829485985548411,0.824020538267738
fd002_lstm_v1_stage2_p0_global_balanced_64x16_l1_seed43,stage2,p0_global,balanced_64x16_l1,43,48,0.782926984232708,0.8197119451679226
fd002_lstm_v1_stage2_p0_global_balanced_64x16_l1_seed43,stage2,p0_global,balanced_64x16_l1,43,49,0.7829628557361071,0.8212476782498828
fd002_lstm_v1_stage2_p0_global_balanced_64x16_l1_seed43,stage2,p0_global,balanced_64x16_l1,43,50,0.7771430984421519,0.8183525465839537
fd002_lstm_v1_stage2_p1_k6_balanced_64x16_l1_seed43,stage2,p1_k6,balanced_64x16_l1,43,1,0.6887878327598121,0.5370299697274048
fd002_lstm_v1_stage2_p1_k6_balanced_64x16_l1_seed43,stage2,p1_k6,balanced_64x16_l1,43,2,0.5589140371107121,0.49787653106652974
fd002_lstm_v1_stage2_p1_k6_balanced_64x16_l1_seed43,stage2,p1_k6,balanced_64x16_l1,43,3,0.5435576087062651,0.4918486577707227
fd002_lstm_v1_stage2_p1_k6_balanced_64x16_l1_seed43,stage2,p1_k6,balanced_64x16_l1,43,4,0.5388458025054828,0.48895435065708837
fd002_lstm_v1_stage2_p1_k6_balanced_64x16_l1_seed43,stage2,p1_k6,balanced_64x16_l1,43,5,0.5367535930273459,0.4872927492240342
fd002_lstm_v1_stage2_p1_k6_balanced_64x16_l1_seed43,stage2,p1_k6,balanced_64x16_l1,43,6,0.5354439327484561,0.48653331143984446
fd002_lstm_v1_stage2_p1_k6_balanced_64x16_l1_seed43,stage2,p1_k6,balanced_64x16_l1,43,7,0.5347696829327268,0.4857351610731876
fd002_lstm_v1_stage2_p1_k6_balanced_64x16_l1_seed43,stage2,p1_k6,balanced_64x16_l1,43,8,0.5340378985107604,0.48528721343409065
fd002_lstm_v1_stage2_p1_k6_balanced_64x16_l1_seed43,stage2,p1_k6,balanced_64x16_l1,43,9,0.5334197964522287,0.4855885052858826
fd002_lstm_v1_stage2_p1_k6_balanced_64x16_l1_seed43,stage2,p1_k6,balanced_64x16_l1,43,10,0.532918748067429,0.4850707743675004
fd002_lstm_v1_stage2_p1_k6_balanced_64x16_l1_seed43,stage2,p1_k6,balanced_64x16_l1,43,11,0.5325865710972202,0.48469030702426347
fd002_lstm_v1_stage2_p1_k6_balanced_64x16_l1_seed43,stage2,p1_k6,balanced_64x16_l1,43,12,0.5322006702461054,0.48456796888003695
fd002_lstm_v1_stage2_p1_k6_balanced_64x16_l1_seed43,stage2,p1_k6,balanced_64x16_l1,43,13,0.5318812289267356,0.48469397835074407
fd002_lstm_v1_stage2_p1_k6_balanced_64x16_l1_seed43,stage2,p1_k6,balanced_64x16_l1,43,14,0.5317781201211521,0.48455553557715586
fd002_lstm_v1_stage2_p1_k6_balanced_64x16_l1_seed43,stage2,p1_k6,balanced_64x16_l1,43,15,0.531228221650318,0.48415119463737194
fd002_lstm_v1_stage2_p1_k6_balanced_64x16_l1_seed43,stage2,p1_k6,balanced_64x16_l1,43,16,0.5307343809547442,0.48368793293428547
fd002_lstm_v1_stage2_p1_k6_balanced_64x16_l1_seed43,stage2,p1_k6,balanced_64x16_l1,43,17,0.5301073735995934,0.48405625143040615
fd002_lstm_v1_stage2_p1_k6_balanced_64x16_l1_seed43,stage2,p1_k6,balanced_64x16_l1,43,18,0.5298043091871721,0.48382943748628704
fd002_lstm_v1_stage2_p1_k6_balanced_64x16_l1_seed43,stage2,p1_k6,balanced_64x16_l1,43,19,0.5292815393959035,0.48394880842440646
fd002_lstm_v1_stage2_p1_k6_balanced_64x16_l1_seed43,stage2,p1_k6,balanced_64x16_l1,43,20,0.5289144828614066,0.4836236806572208
fd002_lstm_v1_stage2_p1_k6_balanced_64x16_l1_seed43,stage2,p1_k6,balanced_64x16_l1,43,21,0.5282466847311528,0.4834011003014965
fd002_lstm_v1_stage2_p1_k6_balanced_64x16_l1_seed43,stage2,p1_k6,balanced_64x16_l1,43,22,0.5278319912148399,0.4834189523019845
fd002_lstm_v1_stage2_p1_k6_balanced_64x16_l1_seed43,stage2,p1_k6,balanced_64x16_l1,43,23,0.5274335055249454,0.48316908044745943
fd002_lstm_v1_stage2_p1_k6_balanced_64x16_l1_seed43,stage2,p1_k6,balanced_64x16_l1,43,24,0.5270039280633319,0.4828803844446998
fd002_lstm_v1_stage2_p1_k6_balanced_64x16_l1_seed43,stage2,p1_k6,balanced_64x16_l1,43,25,0.5263950480844816,0.482860683851164
fd002_lstm_v1_stage2_p1_k6_balanced_64x16_l1_seed43,stage2,p1_k6,balanced_64x16_l1,43,26,0.5260223905144874,0.4827685467818463
fd002_lstm_v1_stage2_p1_k6_balanced_64x16_l1_seed43,stage2,p1_k6,balanced_64x16_l1,43,27,0.5259342501944698,0.4826007452179513
fd002_lstm_v1_stage2_p1_k6_balanced_64x16_l1_seed43,stage2,p1_k6,balanced_64x16_l1,43,28,0.5252180227360529,0.48204423152671855
fd002_lstm_v1_stage2_p1_k6_balanced_64x16_l1_seed43,stage2,p1_k6,balanced_64x16_l1,43,29,0.5248536971436383,0.4823989441711305
fd002_lstm_v1_stage2_p1_k6_balanced_64x16_l1_seed43,stage2,p1_k6,balanced_64x16_l1,43,30,0.5244520873508423,0.48186667941028494
fd002_lstm_v1_stage2_p1_k6_balanced_64x16_l1_seed43,stage2,p1_k6,balanced_64x16_l1,43,31,0.5241185190616492,0.4822085760295141
fd002_lstm_v1_stage2_p1_k6_balanced_64x16_l1_seed43,stage2,p1_k6,balanced_64x16_l1,43,32,0.5238329910210542,0.4816953734991375
fd002_lstm_v1_stage2_p1_k6_balanced_64x16_l1_seed43,stage2,p1_k6,balanced_64x16_l1,43,33,0.5232641421209935,0.482082951497647
fd002_lstm_v1_stage2_p1_k6_balanced_64x16_l1_seed43,stage2,p1_k6,balanced_64x16_l1,43,34,0.523111814361736,0.48173865658384024
fd002_lstm_v1_stage2_p1_k6_balanced_64x16_l1_seed43,stage2,p1_k6,balanced_64x16_l1,43,35,0.5227088414300441,0.4812206729800774
fd002_lstm_v1_stage2_p1_k6_balanced_64x16_l1_seed43,stage2,p1_k6,balanced_64x16_l1,43,36,0.5222254106534634,0.4812405339032261
fd002_lstm_v1_stage2_p1_k6_balanced_64x16_l1_seed43,stage2,p1_k6,balanced_64x16_l1,43,37,0.52200217673886,0.4820970021347334
fd002_lstm_v1_stage2_p1_k6_balanced_64x16_l1_seed43,stage2,p1_k6,balanced_64x16_l1,43,38,0.5217406264552586,0.481837750628433
fd002_lstm_v1_stage2_p1_k6_balanced_64x16_l1_seed43,stage2,p1_k6,balanced_64x16_l1,43,39,0.5213613304338238,0.4810641321702358
fd002_lstm_v1_stage2_p1_k6_balanced_64x16_l1_seed43,stage2,p1_k6,balanced_64x16_l1,43,40,0.5210195613502213,0.4814448662369301
fd002_lstm_v1_stage2_p1_k6_balanced_64x16_l1_seed43,stage2,p1_k6,balanced_64x16_l1,43,41,0.5213055371627033,0.4810296856853939
fd002_lstm_v1_stage2_p1_k6_balanced_64x16_l1_seed43,stage2,p1_k6,balanced_64x16_l1,43,42,0.5204337863230067,0.48110009624505384
fd002_lstm_v1_stage2_p1_k6_balanced_64x16_l1_seed43,stage2,p1_k6,balanced_64x16_l1,43,43,0.520211732279552,0.4811647238559588
fd002_lstm_v1_stage2_p1_k6_balanced_64x16_l1_seed43,stage2,p1_k6,balanced_64x16_l1,43,44,0.5196615562834336,0.48152645627756785
fd002_lstm_v1_stage2_p1_k6_balanced_64x16_l1_seed43,stage2,p1_k6,balanced_64x16_l1,43,45,0.5199004410304325,0.48146405111585866
fd002_lstm_v1_stage2_p1_k6_balanced_64x16_l1_seed43,stage2,p1_k6,balanced_64x16_l1,43,46,0.5195698955901683,0.48140925237518345
fd002_lstm_v1_stage2_p1_k6_balanced_64x16_l1_seed43,stage2,p1_k6,balanced_64x16_l1,43,47,0.51992121694635,0.4806147297430849
fd002_lstm_v1_stage2_p1_k6_balanced_64x16_l1_seed43,stage2,p1_k6,balanced_64x16_l1,43,48,0.5188969156275249,0.48128578527405164
fd002_lstm_v1_stage2_p1_k6_balanced_64x16_l1_seed43,stage2,p1_k6,balanced_64x16_l1,43,49,0.5182886313174394,0.48108649925949887
fd002_lstm_v1_stage2_p1_k6_balanced_64x16_l1_seed43,stage2,p1_k6,balanced_64x16_l1,43,50,0.5179779608076461,0.4807938991937238
fd002_lstm_v1_stage2_p0_global_balanced_64x16_l1_seed44,stage2,p0_global,balanced_64x16_l1,44,1,0.9882156692983215,0.97277304679816
fd002_lstm_v1_stage2_p0_global_balanced_64x16_l1_seed44,stage2,p0_global,balanced_64x16_l1,44,2,0.9697632370387452,0.9701701716345499
fd002_lstm_v1_stage2_p0_global_balanced_64x16_l1_seed44,stage2,p0_global,balanced_64x16_l1,44,3,0.9661615885292285,0.969633083686088
fd002_lstm_v1_stage2_p0_global_balanced_64x16_l1_seed44,stage2,p0_global,balanced_64x16_l1,44,4,0.9634203154322839,0.9664121666799068
fd002_lstm_v1_stage2_p0_global_balanced_64x16_l1_seed44,stage2,p0_global,balanced_64x16_l1,44,5,0.9559610806315275,0.9599117805884667
fd002_lstm_v1_stage2_p0_global_balanced_64x16_l1_seed44,stage2,p0_global,balanced_64x16_l1,44,6,0.9485131415762665,0.9569571200888601
fd002_lstm_v1_stage2_p0_global_balanced_64x16_l1_seed44,stage2,p0_global,balanced_64x16_l1,44,7,0.9404818175539764,0.9475076961169557
fd002_lstm_v1_stage2_p0_global_balanced_64x16_l1_seed44,stage2,p0_global,balanced_64x16_l1,44,8,0.9291447818156852,0.9437157411820781
fd002_lstm_v1_stage2_p0_global_balanced_64x16_l1_seed44,stage2,p0_global,balanced_64x16_l1,44,9,0.9187286701995868,0.9338062879589594
fd002_lstm_v1_stage2_p0_global_balanced_64x16_l1_seed44,stage2,p0_global,balanced_64x16_l1,44,10,0.9126389686482562,0.923914434050948
fd002_lstm_v1_stage2_p0_global_balanced_64x16_l1_seed44,stage2,p0_global,balanced_64x16_l1,44,11,0.907548728931089,0.9208735117865465
fd002_lstm_v1_stage2_p0_global_balanced_64x16_l1_seed44,stage2,p0_global,balanced_64x16_l1,44,12,0.9040666059749188,0.916613989892112
fd002_lstm_v1_stage2_p0_global_balanced_64x16_l1_seed44,stage2,p0_global,balanced_64x16_l1,44,13,0.8986774342123593,0.9129120884804311
fd002_lstm_v1_stage2_p0_global_balanced_64x16_l1_seed44,stage2,p0_global,balanced_64x16_l1,44,14,0.8932338449500287,0.9072183701739752
fd002_lstm_v1_stage2_p0_global_balanced_64x16_l1_seed44,stage2,p0_global,balanced_64x16_l1,44,15,0.8889611138723711,0.9015071604239487
fd002_lstm_v1_stage2_p0_global_balanced_64x16_l1_seed44,stage2,p0_global,balanced_64x16_l1,44,16,0.8837955089381487,0.8946851132314222
fd002_lstm_v1_stage2_p0_global_balanced_64x16_l1_seed44,stage2,p0_global,balanced_64x16_l1,44,17,0.8783033958957727,0.889915048652723
fd002_lstm_v1_stage2_p0_global_balanced_64x16_l1_seed44,stage2,p0_global,balanced_64x16_l1,44,18,0.8720059515102848,0.8827592321485315
fd002_lstm_v1_stage2_p0_global_balanced_64x16_l1_seed44,stage2,p0_global,balanced_64x16_l1,44,19,0.8662445763630177,0.8781809986268101
fd002_lstm_v1_stage2_p0_global_balanced_64x16_l1_seed44,stage2,p0_global,balanced_64x16_l1,44,20,0.8618471450904052,0.8781757114438165
fd002_lstm_v1_stage2_p0_global_balanced_64x16_l1_seed44,stage2,p0_global,balanced_64x16_l1,44,21,0.8564530847627208,0.8704849393011296
fd002_lstm_v1_stage2_p0_global_balanced_64x16_l1_seed44,stage2,p0_global,balanced_64x16_l1,44,22,0.8530836285207308,0.8721262076883503
fd002_lstm_v1_stage2_p0_global_balanced_64x16_l1_seed44,stage2,p0_global,balanced_64x16_l1,44,23,0.8501727287828267,0.8638267002090994
fd002_lstm_v1_stage2_p0_global_balanced_64x16_l1_seed44,stage2,p0_global,balanced_64x16_l1,44,24,0.8456326864397756,0.8656129228209595
fd002_lstm_v1_stage2_p0_global_balanced_64x16_l1_seed44,stage2,p0_global,balanced_64x16_l1,44,25,0.8460951403472571,0.8628027377736922
fd002_lstm_v1_stage2_p0_global_balanced_64x16_l1_seed44,stage2,p0_global,balanced_64x16_l1,44,26,0.8387135449938605,0.8538797978304167
fd002_lstm_v1_stage2_p0_global_balanced_64x16_l1_seed44,stage2,p0_global,balanced_64x16_l1,44,27,0.8324662390103097,0.8500606075490452
fd002_lstm_v1_stage2_p0_global_balanced_64x16_l1_seed44,stage2,p0_global,balanced_64x16_l1,44,28,0.8294312423256874,0.8466722428862711
fd002_lstm_v1_stage2_p0_global_balanced_64x16_l1_seed44,stage2,p0_global,balanced_64x16_l1,44,29,0.8214607651389187,0.8515781990028296
fd002_lstm_v1_stage2_p0_global_balanced_64x16_l1_seed44,stage2,p0_global,balanced_64x16_l1,44,30,0.8250425099548397,0.8413261812435691
fd002_lstm_v1_stage2_p0_global_balanced_64x16_l1_seed44,stage2,p0_global,balanced_64x16_l1,44,31,0.8180038503407047,0.8408905250488938
fd002_lstm_v1_stage2_p0_global_balanced_64x16_l1_seed44,stage2,p0_global,balanced_64x16_l1,44,32,0.811684895802238,0.8443002600974852
fd002_lstm_v1_stage2_p0_global_balanced_64x16_l1_seed44,stage2,p0_global,balanced_64x16_l1,44,33,0.8088080601551679,0.8386613035893973
fd002_lstm_v1_stage2_p0_global_balanced_64x16_l1_seed44,stage2,p0_global,balanced_64x16_l1,44,34,0.8062728169316978,0.8464514638374415
fd002_lstm_v1_stage2_p0_global_balanced_64x16_l1_seed44,stage2,p0_global,balanced_64x16_l1,44,35,0.8058773760517665,0.8247502729593188
fd002_lstm_v1_stage2_p0_global_balanced_64x16_l1_seed44,stage2,p0_global,balanced_64x16_l1,44,36,0.7967652414709406,0.8322560513272278
fd002_lstm_v1_stage2_p0_global_balanced_64x16_l1_seed44,stage2,p0_global,balanced_64x16_l1,44,37,0.7944233742895352,0.8244574179916246
fd002_lstm_v1_stage2_p0_global_balanced_64x16_l1_seed44,stage2,p0_global,balanced_64x16_l1,44,38,0.7913256945937017,0.8260796876891446
fd002_lstm_v1_stage2_p0_global_balanced_64x16_l1_seed44,stage2,p0_global,balanced_64x16_l1,44,39,0.7899233468946024,0.8310412966525187
fd002_lstm_v1_stage2_p0_global_balanced_64x16_l1_seed44,stage2,p0_global,balanced_64x16_l1,44,40,0.7857426267206878,0.8403191369071262
fd002_lstm_v1_stage2_p0_global_balanced_64x16_l1_seed44,stage2,p0_global,balanced_64x16_l1,44,41,0.786411178133856,0.8362791941753862
fd002_lstm_v1_stage2_p0_global_balanced_64x16_l1_seed44,stage2,p0_global,balanced_64x16_l1,44,42,0.7911619772201027,0.8146965895807798
fd002_lstm_v1_stage2_p0_global_balanced_64x16_l1_seed44,stage2,p0_global,balanced_64x16_l1,44,43,0.7787971899484416,0.8195334473284269
fd002_lstm_v1_stage2_p0_global_balanced_64x16_l1_seed44,stage2,p0_global,balanced_64x16_l1,44,44,0.7794414660617517,0.8092894164959636
fd002_lstm_v1_stage2_p0_global_balanced_64x16_l1_seed44,stage2,p0_global,balanced_64x16_l1,44,45,0.7717353262664979,0.8065436898638348
fd002_lstm_v1_stage2_p0_global_balanced_64x16_l1_seed44,stage2,p0_global,balanced_64x16_l1,44,46,0.7684419791958962,0.8128942394353277
fd002_lstm_v1_stage2_p0_global_balanced_64x16_l1_seed44,stage2,p0_global,balanced_64x16_l1,44,47,0.7664682329789467,0.8282482424919047
fd002_lstm_v1_stage2_p0_global_balanced_64x16_l1_seed44,stage2,p0_global,balanced_64x16_l1,44,48,0.7767432630231966,0.8133708749924342
fd002_lstm_v1_stage2_p0_global_balanced_64x16_l1_seed44,stage2,p0_global,balanced_64x16_l1,44,49,0.7721914783288357,0.80212285421348
fd002_lstm_v1_stage2_p0_global_balanced_64x16_l1_seed44,stage2,p0_global,balanced_64x16_l1,44,50,0.7652377663278774,0.7936605316429479
fd002_lstm_v1_stage2_p1_k6_balanced_64x16_l1_seed44,stage2,p1_k6,balanced_64x16_l1,44,1,0.6790888227679069,0.5742689619838244
fd002_lstm_v1_stage2_p1_k6_balanced_64x16_l1_seed44,stage2,p1_k6,balanced_64x16_l1,44,2,0.5775887099853628,0.5007091652149818
fd002_lstm_v1_stage2_p1_k6_balanced_64x16_l1_seed44,stage2,p1_k6,balanced_64x16_l1,44,3,0.5455460709540576,0.4929681899546242
fd002_lstm_v1_stage2_p1_k6_balanced_64x16_l1_seed44,stage2,p1_k6,balanced_64x16_l1,44,4,0.5392482199979154,0.48879111959542915
fd002_lstm_v1_stage2_p1_k6_balanced_64x16_l1_seed44,stage2,p1_k6,balanced_64x16_l1,44,5,0.5366544337097353,0.48727964357116377
fd002_lstm_v1_stage2_p1_k6_balanced_64x16_l1_seed44,stage2,p1_k6,balanced_64x16_l1,44,6,0.5354667337438282,0.48628503105990967
fd002_lstm_v1_stage2_p1_k6_balanced_64x16_l1_seed44,stage2,p1_k6,balanced_64x16_l1,44,7,0.5343361635626125,0.48549491933928
fd002_lstm_v1_stage2_p1_k6_balanced_64x16_l1_seed44,stage2,p1_k6,balanced_64x16_l1,44,8,0.5335605330609263,0.4854897437220539
fd002_lstm_v1_stage2_p1_k6_balanced_64x16_l1_seed44,stage2,p1_k6,balanced_64x16_l1,44,9,0.5331645622009878,0.4850505735751264
fd002_lstm_v1_stage2_p1_k6_balanced_64x16_l1_seed44,stage2,p1_k6,balanced_64x16_l1,44,10,0.5327257255397144,0.484797915531799
fd002_lstm_v1_stage2_p1_k6_balanced_64x16_l1_seed44,stage2,p1_k6,balanced_64x16_l1,44,11,0.5323978605117187,0.48475614782053394
fd002_lstm_v1_stage2_p1_k6_balanced_64x16_l1_seed44,stage2,p1_k6,balanced_64x16_l1,44,12,0.5319404976773077,0.4847723100798947
fd002_lstm_v1_stage2_p1_k6_balanced_64x16_l1_seed44,stage2,p1_k6,balanced_64x16_l1,44,13,0.531686786316912,0.4846341724497632
fd002_lstm_v1_stage2_p1_k6_balanced_64x16_l1_seed44,stage2,p1_k6,balanced_64x16_l1,44,14,0.5314818103787429,0.48445746261793166
fd002_lstm_v1_stage2_p1_k6_balanced_64x16_l1_seed44,stage2,p1_k6,balanced_64x16_l1,44,15,0.5310820822384689,0.48448711399131067
fd002_lstm_v1_stage2_p1_k6_balanced_64x16_l1_seed44,stage2,p1_k6,balanced_64x16_l1,44,16,0.5307900298272048,0.4848209926522047
fd002_lstm_v1_stage2_p1_k6_balanced_64x16_l1_seed44,stage2,p1_k6,balanced_64x16_l1,44,17,0.5303277632687248,0.4849408179807016
fd002_lstm_v1_stage2_p1_k6_balanced_64x16_l1_seed44,stage2,p1_k6,balanced_64x16_l1,44,18,0.5297702373225206,0.48416557627753
fd002_lstm_v1_stage2_p1_k6_balanced_64x16_l1_seed44,stage2,p1_k6,balanced_64x16_l1,44,19,0.5292749433117682,0.4840019972193378
fd002_lstm_v1_stage2_p1_k6_balanced_64x16_l1_seed44,stage2,p1_k6,balanced_64x16_l1,44,20,0.5287331059009742,0.48372183119528994
fd002_lstm_v1_stage2_p1_k6_balanced_64x16_l1_seed44,stage2,p1_k6,balanced_64x16_l1,44,21,0.5281520894217872,0.4843677194101147
fd002_lstm_v1_stage2_p1_k6_balanced_64x16_l1_seed44,stage2,p1_k6,balanced_64x16_l1,44,22,0.5276870672393544,0.48351347584434157
fd002_lstm_v1_stage2_p1_k6_balanced_64x16_l1_seed44,stage2,p1_k6,balanced_64x16_l1,44,23,0.5272168851855666,0.4833610016436667
fd002_lstm_v1_stage2_p1_k6_balanced_64x16_l1_seed44,stage2,p1_k6,balanced_64x16_l1,44,24,0.5265567893536761,0.4836817539639982
fd002_lstm_v1_stage2_p1_k6_balanced_64x16_l1_seed44,stage2,p1_k6,balanced_64x16_l1,44,25,0.5263011201573471,0.4825108586739828
fd002_lstm_v1_stage2_p1_k6_balanced_64x16_l1_seed44,stage2,p1_k6,balanced_64x16_l1,44,26,0.525875789920916,0.4834419791808525
fd002_lstm_v1_stage2_p1_k6_balanced_64x16_l1_seed44,stage2,p1_k6,balanced_64x16_l1,44,27,0.5254300510814437,0.48285977802579366
fd002_lstm_v1_stage2_p1_k6_balanced_64x16_l1_seed44,stage2,p1_k6,balanced_64x16_l1,44,28,0.5250627240180984,0.4824932918681057
fd002_lstm_v1_stage2_p1_k6_balanced_64x16_l1_seed44,stage2,p1_k6,balanced_64x16_l1,44,29,0.5246160348294387,0.48344817662229334
fd002_lstm_v1_stage2_p1_k6_balanced_64x16_l1_seed44,stage2,p1_k6,balanced_64x16_l1,44,30,0.524061887773004,0.48275571006897156
fd002_lstm_v1_stage2_p1_k6_balanced_64x16_l1_seed44,stage2,p1_k6,balanced_64x16_l1,44,31,0.5239778582476721,0.4823288335830042
fd002_lstm_v1_stage2_p1_k6_balanced_64x16_l1_seed44,stage2,p1_k6,balanced_64x16_l1,44,32,0.5237339823211574,0.48322778768422686
fd002_lstm_v1_stage2_p1_k6_balanced_64x16_l1_seed44,stage2,p1_k6,balanced_64x16_l1,44,33,0.5232412670800098,0.48349445942233343
fd002_lstm_v1_stage2_p1_k6_balanced_64x16_l1_seed44,stage2,p1_k6,balanced_64x16_l1,44,34,0.5227653891501514,0.48276460060460075
fd002_lstm_v1_stage2_p1_k6_balanced_64x16_l1_seed44,stage2,p1_k6,balanced_64x16_l1,44,35,0.5225045560012129,0.48209819167702234
fd002_lstm_v1_stage2_p1_k6_balanced_64x16_l1_seed44,stage2,p1_k6,balanced_64x16_l1,44,36,0.5222355753085148,0.48206202146413063
fd002_lstm_v1_stage2_p1_k6_balanced_64x16_l1_seed44,stage2,p1_k6,balanced_64x16_l1,44,37,0.5218364690736396,0.48212980173152437
fd002_lstm_v1_stage2_p1_k6_balanced_64x16_l1_seed44,stage2,p1_k6,balanced_64x16_l1,44,38,0.5215557398105776,0.48169624090450847
fd002_lstm_v1_stage2_p1_k6_balanced_64x16_l1_seed44,stage2,p1_k6,balanced_64x16_l1,44,39,0.5214446035667145,0.48178390869351195
fd002_lstm_v1_stage2_p1_k6_balanced_64x16_l1_seed44,stage2,p1_k6,balanced_64x16_l1,44,40,0.5214619978720263,0.4824761491599142
fd002_lstm_v1_stage2_p1_k6_balanced_64x16_l1_seed44,stage2,p1_k6,balanced_64x16_l1,44,41,0.5207794588347134,0.4816084992308907
fd002_lstm_v1_stage2_p1_k6_balanced_64x16_l1_seed44,stage2,p1_k6,balanced_64x16_l1,44,42,0.5201849954003877,0.4818570928815898
fd002_lstm_v1_stage2_p1_k6_balanced_64x16_l1_seed44,stage2,p1_k6,balanced_64x16_l1,44,43,0.519821400741162,0.481945756635193
fd002_lstm_v1_stage2_p1_k6_balanced_64x16_l1_seed44,stage2,p1_k6,balanced_64x16_l1,44,44,0.5198483430434533,0.4816116215946877
fd002_lstm_v1_stage2_p1_k6_balanced_64x16_l1_seed44,stage2,p1_k6,balanced_64x16_l1,44,45,0.5191519891550893,0.48090473424236235
fd002_lstm_v1_stage2_p1_k6_balanced_64x16_l1_seed44,stage2,p1_k6,balanced_64x16_l1,44,46,0.5194503610969317,0.4810036583523424
fd002_lstm_v1_stage2_p1_k6_balanced_64x16_l1_seed44,stage2,p1_k6,balanced_64x16_l1,44,47,0.5184005381409605,0.48092730377546833
fd002_lstm_v1_stage2_p1_k6_balanced_64x16_l1_seed44,stage2,p1_k6,balanced_64x16_l1,44,48,0.51803732148361,0.4810014166931469
fd002_lstm_v1_stage2_p1_k6_balanced_64x16_l1_seed44,stage2,p1_k6,balanced_64x16_l1,44,49,0.5179360816980952,0.4822352661075552
fd002_lstm_v1_stage2_p1_k6_balanced_64x16_l1_seed44,stage2,p1_k6,balanced_64x16_l1,44,50,0.5178667252532647,0.48088688815264347
fd002_lstm_v1_stage2_p0_global_balanced_64x16_l1_seed45,stage2,p0_global,balanced_64x16_l1,45,1,0.9889850339087699,0.9739953406589041
fd002_lstm_v1_stage2_p0_global_balanced_64x16_l1_seed45,stage2,p0_global,balanced_64x16_l1,45,2,0.9689028573505736,0.9694581869826895
fd002_lstm_v1_stage2_p0_global_balanced_64x16_l1_seed45,stage2,p0_global,balanced_64x16_l1,45,3,0.9645415704423539,0.9677316188083511
fd002_lstm_v1_stage2_p0_global_balanced_64x16_l1_seed45,stage2,p0_global,balanced_64x16_l1,45,4,0.9621415702651108,0.9668803601809924
fd002_lstm_v1_stage2_p0_global_balanced_64x16_l1_seed45,stage2,p0_global,balanced_64x16_l1,45,5,0.9611587265205835,0.9668629027243444
fd002_lstm_v1_stage2_p0_global_balanced_64x16_l1_seed45,stage2,p0_global,balanced_64x16_l1,45,6,0.9603798537539703,0.9662705372629072
fd002_lstm_v1_stage2_p0_global_balanced_64x16_l1_seed45,stage2,p0_global,balanced_64x16_l1,45,7,0.9546666599500884,0.9535945899202944
fd002_lstm_v1_stage2_p0_global_balanced_64x16_l1_seed45,stage2,p0_global,balanced_64x16_l1,45,8,0.9389342289019837,0.9471729086753068
fd002_lstm_v1_stage2_p0_global_balanced_64x16_l1_seed45,stage2,p0_global,balanced_64x16_l1,45,9,0.9287328161319275,0.9387226071315085
fd002_lstm_v1_stage2_p0_global_balanced_64x16_l1_seed45,stage2,p0_global,balanced_64x16_l1,45,10,0.9184790342630073,0.9266715300475131
fd002_lstm_v1_stage2_p0_global_balanced_64x16_l1_seed45,stage2,p0_global,balanced_64x16_l1,45,11,0.9099062883404678,0.9191834869424017
fd002_lstm_v1_stage2_p0_global_balanced_64x16_l1_seed45,stage2,p0_global,balanced_64x16_l1,45,12,0.902734980580382,0.9137974345134066
fd002_lstm_v1_stage2_p0_global_balanced_64x16_l1_seed45,stage2,p0_global,balanced_64x16_l1,45,13,0.8958555446846492,0.9037636334845545
fd002_lstm_v1_stage2_p0_global_balanced_64x16_l1_seed45,stage2,p0_global,balanced_64x16_l1,45,14,0.8895429685634284,0.8972392910457995
fd002_lstm_v1_stage2_p0_global_balanced_64x16_l1_seed45,stage2,p0_global,balanced_64x16_l1,45,15,0.8823920935052181,0.8908944823088315
fd002_lstm_v1_stage2_p0_global_balanced_64x16_l1_seed45,stage2,p0_global,balanced_64x16_l1,45,16,0.8768184350608871,0.8882045149173627
fd002_lstm_v1_stage2_p0_global_balanced_64x16_l1_seed45,stage2,p0_global,balanced_64x16_l1,45,17,0.8721444607259278,0.8822947121904648
fd002_lstm_v1_stage2_p0_global_balanced_64x16_l1_seed45,stage2,p0_global,balanced_64x16_l1,45,18,0.8654144185563885,0.8867179579569355
fd002_lstm_v1_stage2_p0_global_balanced_64x16_l1_seed45,stage2,p0_global,balanced_64x16_l1,45,19,0.8671920480719191,0.8783685207330867
fd002_lstm_v1_stage2_p0_global_balanced_64x16_l1_seed45,stage2,p0_global,balanced_64x16_l1,45,20,0.8579552234021012,0.8694672747902387
fd002_lstm_v1_stage2_p0_global_balanced_64x16_l1_seed45,stage2,p0_global,balanced_64x16_l1,45,21,0.8515171747571584,0.8664686529451707
fd002_lstm_v1_stage2_p0_global_balanced_64x16_l1_seed45,stage2,p0_global,balanced_64x16_l1,45,22,0.8475835811315394,0.8665998749754112
fd002_lstm_v1_stage2_p0_global_balanced_64x16_l1_seed45,stage2,p0_global,balanced_64x16_l1,45,23,0.843508810316117,0.8589272533270538
fd002_lstm_v1_stage2_p0_global_balanced_64x16_l1_seed45,stage2,p0_global,balanced_64x16_l1,45,24,0.8393073713638435,0.8556909402449612
fd002_lstm_v1_stage2_p0_global_balanced_64x16_l1_seed45,stage2,p0_global,balanced_64x16_l1,45,25,0.8386076158472938,0.867087427723115
fd002_lstm_v1_stage2_p0_global_balanced_64x16_l1_seed45,stage2,p0_global,balanced_64x16_l1,45,26,0.8353188285093376,0.8507178983763827
fd002_lstm_v1_stage2_p0_global_balanced_64x16_l1_seed45,stage2,p0_global,balanced_64x16_l1,45,27,0.8274181431011786,0.8469328309652427
fd002_lstm_v1_stage2_p0_global_balanced_64x16_l1_seed45,stage2,p0_global,balanced_64x16_l1,45,28,0.8227148556439408,0.8527280608208687
fd002_lstm_v1_stage2_p0_global_balanced_64x16_l1_seed45,stage2,p0_global,balanced_64x16_l1,45,29,0.82405557018588,0.8416717780042785
fd002_lstm_v1_stage2_p0_global_balanced_64x16_l1_seed45,stage2,p0_global,balanced_64x16_l1,45,30,0.8145074993550842,0.839479082142668
fd002_lstm_v1_stage2_p0_global_balanced_64x16_l1_seed45,stage2,p0_global,balanced_64x16_l1,45,31,0.8120941927344534,0.837486579598673
fd002_lstm_v1_stage2_p0_global_balanced_64x16_l1_seed45,stage2,p0_global,balanced_64x16_l1,45,32,0.8033686500971168,0.8336485502183675
fd002_lstm_v1_stage2_p0_global_balanced_64x16_l1_seed45,stage2,p0_global,balanced_64x16_l1,45,33,0.8022452394074585,0.8401317271054632
fd002_lstm_v1_stage2_p0_global_balanced_64x16_l1_seed45,stage2,p0_global,balanced_64x16_l1,45,34,0.7986658115778387,0.8249738744004116
fd002_lstm_v1_stage2_p0_global_balanced_64x16_l1_seed45,stage2,p0_global,balanced_64x16_l1,45,35,0.7921698907486348,0.821158783237437
fd002_lstm_v1_stage2_p0_global_balanced_64x16_l1_seed45,stage2,p0_global,balanced_64x16_l1,45,36,0.7878864333576125,0.821754909425738
fd002_lstm_v1_stage2_p0_global_balanced_64x16_l1_seed45,stage2,p0_global,balanced_64x16_l1,45,37,0.7882414068532483,0.8175390725483075
fd002_lstm_v1_stage2_p0_global_balanced_64x16_l1_seed45,stage2,p0_global,balanced_64x16_l1,45,38,0.790271745684101,0.8209437154692867
fd002_lstm_v1_stage2_p0_global_balanced_64x16_l1_seed45,stage2,p0_global,balanced_64x16_l1,45,39,0.7839558151606357,0.818151567134043
fd002_lstm_v1_stage2_p0_global_balanced_64x16_l1_seed45,stage2,p0_global,balanced_64x16_l1,45,40,0.7796211971106772,0.8107886845654213
fd002_lstm_v1_stage2_p0_global_balanced_64x16_l1_seed45,stage2,p0_global,balanced_64x16_l1,45,41,0.7772770284906058,0.8109846575938725
fd002_lstm_v1_stage2_p0_global_balanced_64x16_l1_seed45,stage2,p0_global,balanced_64x16_l1,45,42,0.7761784411549381,0.8186849179987176
fd002_lstm_v1_stage2_p0_global_balanced_64x16_l1_seed45,stage2,p0_global,balanced_64x16_l1,45,43,0.7767351588184693,0.8109342017908212
fd002_lstm_v1_stage2_p0_global_balanced_64x16_l1_seed45,stage2,p0_global,balanced_64x16_l1,45,44,0.7723387105450777,0.8122041999915831
fd002_lstm_v1_stage2_p0_global_balanced_64x16_l1_seed45,stage2,p0_global,balanced_64x16_l1,45,45,0.7728963960488857,0.8094790531798992
fd002_lstm_v1_stage2_p0_global_balanced_64x16_l1_seed45,stage2,p0_global,balanced_64x16_l1,45,46,0.7678080488675849,0.8042476456815448
fd002_lstm_v1_stage2_p0_global_balanced_64x16_l1_seed45,stage2,p0_global,balanced_64x16_l1,45,47,0.7657917242862019,0.800865242029446
fd002_lstm_v1_stage2_p0_global_balanced_64x16_l1_seed45,stage2,p0_global,balanced_64x16_l1,45,48,0.7629304875812954,0.8153433222967452
fd002_lstm_v1_stage2_p0_global_balanced_64x16_l1_seed45,stage2,p0_global,balanced_64x16_l1,45,49,0.7617043816531439,0.8054220682230431
fd002_lstm_v1_stage2_p0_global_balanced_64x16_l1_seed45,stage2,p0_global,balanced_64x16_l1,45,50,0.7624558594869429,0.8065434430892233
fd002_lstm_v1_stage2_p1_k6_balanced_64x16_l1_seed45,stage2,p1_k6,balanced_64x16_l1,45,1,0.6850626104814941,0.5439082061690461
fd002_lstm_v1_stage2_p1_k6_balanced_64x16_l1_seed45,stage2,p1_k6,balanced_64x16_l1,45,2,0.5596636525321873,0.4985010171251532
fd002_lstm_v1_stage2_p1_k6_balanced_64x16_l1_seed45,stage2,p1_k6,balanced_64x16_l1,45,3,0.5435530742385266,0.49208411325932105
fd002_lstm_v1_stage2_p1_k6_balanced_64x16_l1_seed45,stage2,p1_k6,balanced_64x16_l1,45,4,0.5388428927655984,0.4893524845504316
fd002_lstm_v1_stage2_p1_k6_balanced_64x16_l1_seed45,stage2,p1_k6,balanced_64x16_l1,45,5,0.5365577639571741,0.48784006132541197
fd002_lstm_v1_stage2_p1_k6_balanced_64x16_l1_seed45,stage2,p1_k6,balanced_64x16_l1,45,6,0.5352862241470816,0.4870809685823706
fd002_lstm_v1_stage2_p1_k6_balanced_64x16_l1_seed45,stage2,p1_k6,balanced_64x16_l1,45,7,0.5343632005111316,0.48650970678329325
fd002_lstm_v1_stage2_p1_k6_balanced_64x16_l1_seed45,stage2,p1_k6,balanced_64x16_l1,45,8,0.5337177680424706,0.48606201478496147
fd002_lstm_v1_stage2_p1_k6_balanced_64x16_l1_seed45,stage2,p1_k6,balanced_64x16_l1,45,9,0.5332836092758683,0.48621941708940486
fd002_lstm_v1_stage2_p1_k6_balanced_64x16_l1_seed45,stage2,p1_k6,balanced_64x16_l1,45,10,0.5327917407977902,0.4855995059660939
fd002_lstm_v1_stage2_p1_k6_balanced_64x16_l1_seed45,stage2,p1_k6,balanced_64x16_l1,45,11,0.5322561951261772,0.485788469561194
fd002_lstm_v1_stage2_p1_k6_balanced_64x16_l1_seed45,stage2,p1_k6,balanced_64x16_l1,45,12,0.5318084181861059,0.4853212284327856
fd002_lstm_v1_stage2_p1_k6_balanced_64x16_l1_seed45,stage2,p1_k6,balanced_64x16_l1,45,13,0.5313408986648064,0.4849766468466756
fd002_lstm_v1_stage2_p1_k6_balanced_64x16_l1_seed45,stage2,p1_k6,balanced_64x16_l1,45,14,0.531011769225397,0.4848106872262132
fd002_lstm_v1_stage2_p1_k6_balanced_64x16_l1_seed45,stage2,p1_k6,balanced_64x16_l1,45,15,0.5306274585086485,0.4848714092964104
fd002_lstm_v1_stage2_p1_k6_balanced_64x16_l1_seed45,stage2,p1_k6,balanced_64x16_l1,45,16,0.530298299723078,0.48455972261824376
fd002_lstm_v1_stage2_p1_k6_balanced_64x16_l1_seed45,stage2,p1_k6,balanced_64x16_l1,45,17,0.530079135596273,0.484746354414919
fd002_lstm_v1_stage2_p1_k6_balanced_64x16_l1_seed45,stage2,p1_k6,balanced_64x16_l1,45,18,0.5296153018361881,0.48442468444767883
fd002_lstm_v1_stage2_p1_k6_balanced_64x16_l1_seed45,stage2,p1_k6,balanced_64x16_l1,45,19,0.5291967630010568,0.4847603799312365
fd002_lstm_v1_stage2_p1_k6_balanced_64x16_l1_seed45,stage2,p1_k6,balanced_64x16_l1,45,20,0.5288949488128324,0.48431929173972377
fd002_lstm_v1_stage2_p1_k6_balanced_64x16_l1_seed45,stage2,p1_k6,balanced_64x16_l1,45,21,0.5285341101662503,0.48372144995068056
fd002_lstm_v1_stage2_p1_k6_balanced_64x16_l1_seed45,stage2,p1_k6,balanced_64x16_l1,45,22,0.5282122284512267,0.483927083392441
fd002_lstm_v1_stage2_p1_k6_balanced_64x16_l1_seed45,stage2,p1_k6,balanced_64x16_l1,45,23,0.5277552337070736,0.4838496508390455
fd002_lstm_v1_stage2_p1_k6_balanced_64x16_l1_seed45,stage2,p1_k6,balanced_64x16_l1,45,24,0.5274849151403864,0.4831875575117837
fd002_lstm_v1_stage2_p1_k6_balanced_64x16_l1_seed45,stage2,p1_k6,balanced_64x16_l1,45,25,0.5271779577945145,0.48364239636884904
fd002_lstm_v1_stage2_p1_k6_balanced_64x16_l1_seed45,stage2,p1_k6,balanced_64x16_l1,45,26,0.52697463126607,0.48397427497323603
fd002_lstm_v1_stage2_p1_k6_balanced_64x16_l1_seed45,stage2,p1_k6,balanced_64x16_l1,45,27,0.5266513578433714,0.48306650200446005
fd002_lstm_v1_stage2_p1_k6_balanced_64x16_l1_seed45,stage2,p1_k6,balanced_64x16_l1,45,28,0.5260006644437281,0.4829082862304141
fd002_lstm_v1_stage2_p1_k6_balanced_64x16_l1_seed45,stage2,p1_k6,balanced_64x16_l1,45,29,0.5257892100004129,0.4833031987545773
fd002_lstm_v1_stage2_p1_k6_balanced_64x16_l1_seed45,stage2,p1_k6,balanced_64x16_l1,45,30,0.5254408776770539,0.48303422403304547
fd002_lstm_v1_stage2_p1_k6_balanced_64x16_l1_seed45,stage2,p1_k6,balanced_64x16_l1,45,31,0.5253580453196146,0.48272917145438965
fd002_lstm_v1_stage2_p1_k6_balanced_64x16_l1_seed45,stage2,p1_k6,balanced_64x16_l1,45,32,0.5250426751484613,0.4829760118231933
fd002_lstm_v1_stage2_p1_k6_balanced_64x16_l1_seed45,stage2,p1_k6,balanced_64x16_l1,45,33,0.5245108741247303,0.48214502565628453
fd002_lstm_v1_stage2_p1_k6_balanced_64x16_l1_seed45,stage2,p1_k6,balanced_64x16_l1,45,34,0.5243332571654696,0.4826497632264099
fd002_lstm_v1_stage2_p1_k6_balanced_64x16_l1_seed45,stage2,p1_k6,balanced_64x16_l1,45,35,0.5242358224692679,0.4821417045428753
fd002_lstm_v1_stage2_p1_k6_balanced_64x16_l1_seed45,stage2,p1_k6,balanced_64x16_l1,45,36,0.5234030985254872,0.4823039278183966
fd002_lstm_v1_stage2_p1_k6_balanced_64x16_l1_seed45,stage2,p1_k6,balanced_64x16_l1,45,37,0.5232599182172634,0.4819383356645407
fd002_lstm_v1_stage2_p1_k6_balanced_64x16_l1_seed45,stage2,p1_k6,balanced_64x16_l1,45,38,0.522866487063497,0.48227654544152027
fd002_lstm_v1_stage2_p1_k6_balanced_64x16_l1_seed45,stage2,p1_k6,balanced_64x16_l1,45,39,0.5227145415817144,0.4822040853226618
fd002_lstm_v1_stage2_p1_k6_balanced_64x16_l1_seed45,stage2,p1_k6,balanced_64x16_l1,45,40,0.5225149861321315,0.4818562653739105
fd002_lstm_v1_stage2_p1_k6_balanced_64x16_l1_seed45,stage2,p1_k6,balanced_64x16_l1,45,41,0.5219833565210761,0.4819209964232754
fd002_lstm_v1_stage2_p1_k6_balanced_64x16_l1_seed45,stage2,p1_k6,balanced_64x16_l1,45,42,0.5219950153038481,0.48311784959480497
fd002_lstm_v1_stage2_p1_k6_balanced_64x16_l1_seed45,stage2,p1_k6,balanced_64x16_l1,45,43,0.5214442679321446,0.481818599736427
fd002_lstm_v1_stage2_p1_k6_balanced_64x16_l1_seed45,stage2,p1_k6,balanced_64x16_l1,45,44,0.5209920109410573,0.4815941368007324
fd002_lstm_v1_stage2_p1_k6_balanced_64x16_l1_seed45,stage2,p1_k6,balanced_64x16_l1,45,45,0.5204360772670193,0.4822274779303702
fd002_lstm_v1_stage2_p1_k6_balanced_64x16_l1_seed45,stage2,p1_k6,balanced_64x16_l1,45,46,0.5219695923941841,0.48119016011209653
fd002_lstm_v1_stage2_p1_k6_balanced_64x16_l1_seed45,stage2,p1_k6,balanced_64x16_l1,45,47,0.5206853458907228,0.48090395845391304
fd002_lstm_v1_stage2_p1_k6_balanced_64x16_l1_seed45,stage2,p1_k6,balanced_64x16_l1,45,48,0.5198853685700578,0.48090393924391334
fd002_lstm_v1_stage2_p1_k6_balanced_64x16_l1_seed45,stage2,p1_k6,balanced_64x16_l1,45,49,0.5196652636169918,0.4809928172628978
fd002_lstm_v1_stage2_p1_k6_balanced_64x16_l1_seed45,stage2,p1_k6,balanced_64x16_l1,45,50,0.5194764185444478,0.48135625420255684
